,lien,auteurs,date,domaine,prix
0,https://www.sifatusafwa.com/fr/accueil/al-iqna-fi-masa-il-al-ijma-ibn-qattan-al-fassi.html,Auteur non disponible,,accueil,"75,00 €"
1,https://www.sifatusafwa.com/fr/accueil/al-matla-charh-isaghouji-zakaria-al-ansari-hachiya-al-qalioubi.html,Zakaria al-Ansari ,926,accueil,"20,00 €"
2,https://www.sifatusafwa.com/fr/accueil/kitab-hawatif-al-jinan-ibn-abi-dounia.html,Ibn Abi Dunya ,281,accueil,"5,00 €"
3,https://www.sifatusafwa.com/fr/actes-blamables/kitab-al-kaba-ir-écrit-par-muhammad-ibn-abdelwahhab.html,Muhammad ibn AbdelWahhab ,1206,actes-blamables,"17,00 €"
4,https://www.sifatusafwa.com/fr/actes-blamables/kitab-as-sama-d-ibn-tahir-al-qaysarani-507h.html,Auteur non disponible,,actes-blamables,"11,00 €"
5,https://www.sifatusafwa.com/fr/actes-blamables/la-condamnation-des-divertissements-ibn-abi-dounia-al-ajourri.html,Ibn Abi Dunya ,281,actes-blamables,"13,00 €"
6,https://www.sifatusafwa.com/fr/adhkar-et-dou-ah/adab-ad-dou-a-abdallah-as-sa-d.html,Abdallah as-Sa'd,,adhkar-et-dou-ah,"9,90 €"
7,https://www.sifatusafwa.com/fr/adhkar-et-dou-ah/charh-hadith-sayyid-al-istighfar-cheikh-abd-ar-razzaq-al-badr.html,Abderrazzaq al-Badr,,adhkar-et-dou-ah,"2,00 €"
8,https://www.sifatusafwa.com/fr/adhkar-et-dou-ah/ijabah-ad-dou-a-lexaucement-des-invocations-dr-ali-al-imran.html,Ali al-'Imran,,adhkar-et-dou-ah,"5,25 €"
9,https://www.sifatusafwa.com/fr/adhkar-et-dou-ah/la-roqiyah-shar-iyah-ahmad-at-tayyar.html,Auteur non disponible,,adhkar-et-dou-ah,"12,00 €"
10,https://www.sifatusafwa.com/fr/adhkar-et-dou-ah/sahih-al-adhkar-wa-ar-roqiya-basé-sur-le-tahqiq-d-al-albani-et-moqbil.html,Al-Albany ,1420,adhkar-et-dou-ah,"2,00 €"
11,https://www.sifatusafwa.com/fr/al-asma-wa-as-sifat/al-moukhtasar-al-asna-fi-asmaa-allah-al-housna.html,Auteur non disponible,,al-asma-wa-as-sifat,"8,99 €"
12,https://www.sifatusafwa.com/fr/al-asma-wa-as-sifat/at-tafwid-fi-as-sifat-al-ilahiyyah-muhammad-ar-rabah.html,Auteur non disponible,,al-asma-wa-as-sifat,"34,90 €"
13,https://www.sifatusafwa.com/fr/al-asma-wa-as-sifat/étude-des-attributs-d-allah-dans-les-ouvrages-hanbalis.html,Auteur non disponible,,al-asma-wa-as-sifat,"20,00 €"
14,https://www.sifatusafwa.com/fr/al-hakimiya-koufr-wal-irjae/al-madhalim-al-mouchtarakah-cheikh-al-islam-ibn-taymiyyah.html,Ibn Taymiya ,728,al-hakimiya-koufr-wal-irjae,"2,50 €"
15,https://www.sifatusafwa.com/fr/al-hakimiya-koufr-wal-irjae/al-moubin-fi-qawa-id-al-takfir-al-mou-in-mouhammad-salih-ar-rachid.html,Auteur non disponible,,al-hakimiya-koufr-wal-irjae,"7,80 €"
16,https://www.sifatusafwa.com/fr/al-hakimiya-koufr-wal-irjae/kitab-fi-al-imamah-muhammad-ibn-ali-al-qal-yi-630h.html,Auteur non disponible,,al-hakimiya-koufr-wal-irjae,"45,00 €"
17,https://www.sifatusafwa.com/fr/al-hakimiya-koufr-wal-irjae/manhaj-amir-al-muminin-umar-ibn-al-khattab-fi-ad-da-wah-ila-allah.html,Al-Fawzan,,al-hakimiya-koufr-wal-irjae,"24,00 €"
18,https://www.sifatusafwa.com/fr/al-ilm-wa-talab-al-ilm/as-subul-al-mardhiyyah-li-talab-al-ulum-ash-shariyyah-ahmad-salim.html,Auteur non disponible,,al-ilm-wa-talab-al-ilm,"24,00 €"
19,https://www.sifatusafwa.com/fr/al-ilm-wa-talab-al-ilm/khazanat-al-ulum-li-amir-al-muminin-bil-andalus-al-mutnassir-billah.html,Auteur non disponible,,al-ilm-wa-talab-al-ilm,"12,90 €"
20,https://www.sifatusafwa.com/fr/al-ilm-wa-talab-al-ilm/kitab-al-ilm-hafidh-abou-khaythamah-tahqiq-al-albani.html,Auteur non disponible,,al-ilm-wa-talab-al-ilm,"3,50 €"
21,https://www.sifatusafwa.com/fr/al-ilm-wa-talab-al-ilm/kitab-taqyid-al-ilm-al-khatib-al-baghdadi.html#/34-edition-édition_2,Al-Khatib al-Baghdadi ,463,al-ilm-wa-talab-al-ilm,"20,00 €"
22,https://www.sifatusafwa.com/fr/al-ilm-wa-talab-al-ilm/minhaj-yawmi-li-talib-al-ilm-al-uthaymin-abderrazaq-al-badr.html,Abderrazzaq al-Badr,,al-ilm-wa-talab-al-ilm,"2,20 €"
23,https://www.sifatusafwa.com/fr/al-ilm-wa-talab-al-ilm/qawa-id-tahqiq-an-nousous-dr-ali-al-imran.html,Ali al-'Imran,,al-ilm-wa-talab-al-ilm,"9,90 €"
24,https://www.sifatusafwa.com/fr/al-ilm-wa-talab-al-ilm/soulwatu-at-toullab-la-consolation-de-l-etudiant-dr-ali-al-imran.html#/167-edition-edition_économique,Ali al-'Imran,,al-ilm-wa-talab-al-ilm,"8,50 €"
25,https://www.sifatusafwa.com/fr/al-ilm-wa-talab-al-ilm/soulwatu-at-toullab-la-consolation-de-l-etudiant-dr-ali-al-imran.html#/168-edition-edition_haute_qualité, Ali al-'Imran,,al-ilm-wa-talab-al-ilm,"8,50 €"
26,https://www.sifatusafwa.com/fr/al-ilm-wa-talab-al-ilm/ta-lim-al-mouta-allim-tariq-at-ta-alloum-par-az-zarnouji.html,Auteur non disponible,,al-ilm-wa-talab-al-ilm,"7,50 €"
27,https://www.sifatusafwa.com/fr/al-iman-ses-piliers-et-ses-branches/les-nobles-angles-entre-les-gens-de-la-sounnah-et-les-égarés.html,Auteur non disponible,,al-iman-ses-piliers-et-ses-branches,"25,50 €"
28,https://www.sifatusafwa.com/fr/al-iman-ses-piliers-et-ses-branches/oussoul-al-iman-fi-daw-al-kitab-wa-as-sounnah.html,Auteur non disponible,,al-iman-ses-piliers-et-ses-branches,"10,00 €"
29,https://www.sifatusafwa.com/fr/al-qira-at-lectures-coraniques/al-ijaz-fi-qiraaat-al-aimmah-as-sabah-by-imam-sabt-al-khayyat.html,Auteur non disponible,,al-qira-at-lectures-coraniques,"17,90 €"
30,https://www.sifatusafwa.com/fr/al-qira-at-lectures-coraniques/i-rab-al-quran-al-karim-bi-al-qira-at-al-achra-al-mutawattirah.html,Auteur non disponible,,al-qira-at-lectures-coraniques,"15,00 €"
31,https://www.sifatusafwa.com/fr/aqida-croyance/al-ayat-al-bayyinat-fi-adam-sama-al-amwat-al-alousi.html,Auteur non disponible,,aqida-croyance,"6,00 €"
32,https://www.sifatusafwa.com/fr/aqida-croyance/al-fawaid-al-baziyyah-al-muhimmah-ala-ad-durus-al-muhimmah.html,Ibn Baz ,1420,aqida-croyance,"19,90 €"
33,https://www.sifatusafwa.com/fr/aqida-croyance/al-intiqa-fi-aqa-id-al-a-immah-al-arba-ah-al-fuqaha-tariq-al-qahtani.html,Auteur non disponible,,aqida-croyance,"15,00 €"
34,https://www.sifatusafwa.com/fr/aqida-croyance/al-qawa-id-al-usuliyyah-al-ma-thurah-fi-masa-il-aqidah-ahl-as-sunnah.html,Auteur non disponible,,aqida-croyance,"37,90 €"
35,https://www.sifatusafwa.com/fr/aqida-croyance/al-wassitah-bayna-al-haqq-wal-khalq-cheikh-al-islam-ibn-taymiyyah.html,Ibn Taymiya ,728,aqida-croyance,"2,50 €"
36,https://www.sifatusafwa.com/fr/aqida-croyance/aqidah-ahl-as-sunnah-wal-jama-ah-fi-af-al-allah-khalid-al-alami.html,Auteur non disponible,,aqida-croyance,"35,90 €"
37,https://www.sifatusafwa.com/fr/aqida-croyance/at-ta-rifat-al-i-tiqadiyah-glossaire-de-la-terminologie-de-la-aqida.html,Auteur non disponible,,aqida-croyance,"18,00 €"
38,https://www.sifatusafwa.com/fr/aqida-croyance/kalimah-al-ikhlas-la-ilaha-illa-allah-ibn-rajab-al-hanbali.html,Ibn Rajab ,795,aqida-croyance,"5,00 €"
39,https://www.sifatusafwa.com/fr/aqida-croyance/kitab-at-tawhid-selon-la-aqidah-de-l-imam-al-shafi-i.html,Auteur non disponible,,aqida-croyance,"11,00 €"
40,https://www.sifatusafwa.com/fr/aqida-croyance/les-causes-des-prodiges-chez-les-salafs-abdul-fattah-abu-ghuddah.html,Auteur non disponible,,aqida-croyance,"5,80 €"
41,https://www.sifatusafwa.com/fr/aqida-croyance/les-débats-d-ibn-taymiyyah-dans-les-questions-de-aqidah.html,Auteur non disponible,,aqida-croyance,"32,90 €"
42,https://www.sifatusafwa.com/fr/aqida-croyance/les-exemples-employés-dans-le-coran-concernant-le-jour-dernier.html,Auteur non disponible,,aqida-croyance,"34,90 €"
43,https://www.sifatusafwa.com/fr/aqida-croyance/les-hadiths-concernant-la-mise-en-garde-contre-le-chirk.html,Auteur non disponible,,aqida-croyance,"14,00 €"
44,https://www.sifatusafwa.com/fr/aqida-croyance/moustalahat-fi-koutoub-al-aqa-id-muhammad-ibrahim-al-hamad.html,Auteur non disponible,,aqida-croyance,"19,00 €"
45,https://www.sifatusafwa.com/fr/aqida-croyance/nawaqid-tawhid-ar-rouboubiyyah-dr-ahmad-ibn-abdallah-al-ghounayman.html,Auteur non disponible,,aqida-croyance,"15,50 €"
46,https://www.sifatusafwa.com/fr/aqida-croyance/parmi-les-piliers-de-la-prière-cheikh-al-islam-ibn-taymiyyah.html,Ibn Taymiya ,728,aqida-croyance,"6,00 €"
47,https://www.sifatusafwa.com/fr/aqida-croyance/risalah-ach-chirk-wa-madhahirihi-cheikh-moubarak-al-mili.html,Auteur non disponible,,aqida-croyance,"19,00 €"
48,https://www.sifatusafwa.com/fr/aqida-croyance/ta-qibat-ulema-aba-butayn-ibn-samhan-as-sa-di-ala-imam-as-safarini.html, Abd Allah Aba Butayn ,1282,aqida-croyance,"16,90 €"
49,https://www.sifatusafwa.com/fr/as-sira-an-nabawiya/al-intisar-li-an-nabi-al-mukhtar-sulayman-al-arabi.html,Auteur non disponible,,as-sira-an-nabawiya,"39,90 €"
50,https://www.sifatusafwa.com/fr/as-sira-an-nabawiya/al-madkhal-ila-dirasah-ilm-as-sirah-an-nabawiyyah.html,Auteur non disponible,,as-sira-an-nabawiya,"29,00 €"
51,https://www.sifatusafwa.com/fr/as-sira-an-nabawiya/al-murabbi-al-awwal-le-prophète-de-muhammad-abdullah-ad-duwaish.html,Auteur non disponible,,as-sira-an-nabawiya,"27,90 €"
52,https://www.sifatusafwa.com/fr/as-sira-an-nabawiya/as-sirah-an-nabawiyyah-as-sahihah-dr-akram-al-umari.html,Auteur non disponible,,as-sira-an-nabawiya,"38,90 €"
53,https://www.sifatusafwa.com/fr/as-sira-an-nabawiya/atlas-al-quran-lieux-et-personnes-mentionnés-dans-le-coran.html,Auteur non disponible,,as-sira-an-nabawiya,"26,00 €"
54,https://www.sifatusafwa.com/fr/as-sira-an-nabawiya/celui-qui-inspira-le-monde-le-prophète-mohammed-dr-aid-al-qarni.html,Auteur non disponible,,as-sira-an-nabawiya,"29,00 €"
55,https://www.sifatusafwa.com/fr/as-sira-an-nabawiya/encyclopédie-de-muhammad-le-messager-d-allah-pack-de-6-livres.html,Auteur non disponible,,as-sira-an-nabawiya,"69,00 €"
56,https://www.sifatusafwa.com/fr/as-sira-an-nabawiya/kitab-sirah-rasul-allah-sulayman-ibn-tarkhan-at-taymi-143h.html,Auteur non disponible,,as-sira-an-nabawiya,"19,00 €"
57,https://www.sifatusafwa.com/fr/as-sira-an-nabawiya/qassas-min-hayat-ar-rasul-wa-ashabuhu-muhammad-ali-dawlah.html,Auteur non disponible,,as-sira-an-nabawiya,"18,00 €"
58,https://www.sifatusafwa.com/fr/autour-de-la-langue-arabe/adhwae-ala-tarikh-ouloum-al-arabiyyah-dr-mazin-al-moubarak.html,Auteur non disponible,,autour-de-la-langue-arabe,"18,00 €"
59,https://www.sifatusafwa.com/fr/autour-du-coran-et-du-tafsir/al-istinbat-inda-al-mufassirin-wujuh-wa-nadha-ir-cheikh-bazmoul.html,Muhammad Bazmoul,,autour-du-coran-et-du-tafsir,"6,00 €"
60,https://www.sifatusafwa.com/fr/autour-du-coran-et-du-tafsir/dala-il-al-i-jaz-de-l-imam-abdul-qahir-al-jarjani-471h.html,Auteur non disponible,,autour-du-coran-et-du-tafsir,"39,90 €"
61,https://www.sifatusafwa.com/fr/autour-du-coran-et-du-tafsir/kitab-fadail-al-qur-an-al-qasim-ibn-salam-224h.html,Al-Qasim ibn Sallam ,224,autour-du-coran-et-du-tafsir,"29,00 €"
62,https://www.sifatusafwa.com/fr/autour-du-coran-et-du-tafsir/les-efforts-des-compagnons-dans-l-enseignement-du-coran-et-sa-mise.html,Auteur non disponible,,autour-du-coran-et-du-tafsir,"14,90 €"
63,https://www.sifatusafwa.com/fr/autour-du-coran-et-du-tafsir/mabadih-al-mutachabih-al-lafdhi-fi-al-quran-al-adhim-cheikh-bazmoul.html,Muhammad Bazmoul,,autour-du-coran-et-du-tafsir,"6,00 €"
64,https://www.sifatusafwa.com/fr/autour-du-coran-et-du-tafsir/mouhadarat-fi-choubouhat-hawla-al-qur-an-al-karim-dr-hazim-al-sa-id.html,Auteur non disponible,,autour-du-coran-et-du-tafsir,"15,00 €"
65,https://www.sifatusafwa.com/fr/autour-du-coran-et-du-tafsir/sagesses-des-transactions-dans-le-saint-coran.html,Auteur non disponible,,autour-du-coran-et-du-tafsir,"25,00 €"
66,https://www.sifatusafwa.com/fr/autour-du-coran-et-du-tafsir/ta-liqat-ibn-baz-ala-muqaddimah-tafsir-ibn-kathir-wa-tafsir-al-fatiha.html,Ibn Baz ,1420,autour-du-coran-et-du-tafsir,"16,00 €"
67,https://www.sifatusafwa.com/fr/az-zuhd-wa-al-adab/al-adab-al-kabir-wa-al-adab-as-saghir-ibn-al-muqaffa.html,Auteur non disponible,,az-zuhd-wa-al-adab,"9,50 €"
68,https://www.sifatusafwa.com/fr/az-zuhd-wa-al-adab/itfhaf-at-tullab-bi-charh-mandhumah-al-adab-al-mardawi-al-fawzan.html,Al-Fawzan,,az-zuhd-wa-al-adab,"39,00 €"
69,https://www.sifatusafwa.com/fr/az-zuhd-wa-al-adab/makarim-al-akhlaq-fi-daw-al-quran-wa-as-sunnah-sa-di-al-chamri.html,Auteur non disponible,,az-zuhd-wa-al-adab,"14,00 €"
70,https://www.sifatusafwa.com/fr/az-zuhd-wa-al-adab/minhaj-as-salaf-fi-tazkiyah-an-noufous-sa-di-al-shamri.html,Auteur non disponible,,az-zuhd-wa-al-adab,"13,50 €"
71,https://www.sifatusafwa.com/fr/az-zuhd-wa-al-adab/tadhkir-an-nubalae-bi-fadl-ath-thanae-le-bienfait-des-compliments.html,Auteur non disponible,,az-zuhd-wa-al-adab,"9,00 €"
72,https://www.sifatusafwa.com/fr/balaghah-et-mantiq/idah-al-mubham-min-maani-as-sullam-al-damanhuri-ilm-al-mantiq.html,Auteur non disponible,,balaghah-et-mantiq,"8,00 €"
73,https://www.sifatusafwa.com/fr/biographie-histoire/al-mou-in-fi-ma-rifah-manahij-al-mouhaddithin-khalid-ar-raddadi.html,Auteur non disponible,,biographie-histoire,"22,00 €"
74,https://www.sifatusafwa.com/fr/biographie-histoire/as-soulouk-fi-tabaqat-al-oulema-wa-al-moulouk-al-janadi-3-vol.html,Auteur non disponible,,biographie-histoire,"69,00 €"
75,https://www.sifatusafwa.com/fr/biographie-histoire/encyclopédie-des-grands-personnages-de-guerre-et-de-la-politique-de-l-histoire-islamique.html,Auteur non disponible,,biographie-histoire,"44,90 €"
76,https://www.sifatusafwa.com/fr/biographie-histoire/l-histoire-du-début-de-la-création-et-de-la-création-d-adam-sallabi.html,Auteur non disponible,,biographie-histoire,"26,90 €"
77,https://www.sifatusafwa.com/fr/biographie-histoire/les-différentes-tendances-dans-l-etude-de-la-biographie-prophétique.html,Auteur non disponible,,biographie-histoire,"24,00 €"
78,https://www.sifatusafwa.com/fr/biographie-histoire/madrasah-al-hadith-fi-qurtubah-min-al-fath-ila-suqut-al-khilaf.html,Auteur non disponible,,biographie-histoire,"18,00 €"
79,https://www.sifatusafwa.com/fr/biographie-histoire/marifat-as-sahaabah-abu-naim-al-asbahani.html,Abu Nu'aym al-Asbahani ,430,biographie-histoire,"99,00 €"
80,https://www.sifatusafwa.com/fr/biographie-histoire/nafh-al-arf-ach-chadiy-fi-charh-chamail-at-tirmidhi-2-volumes.html,Auteur non disponible,,biographie-histoire,"49,90 €"
81,https://www.sifatusafwa.com/fr/biographie-histoire/tabaqat-al-awlita-al-mukarramin-al-hafidh-as-sakhawi-902h.html,As-Sakhawi ,902,biographie-histoire,"39,90 €"
82,https://www.sifatusafwa.com/fr/biographies/a-lam-as-salafiyyin-1000-biographies-3-volumes-merkez-as-salaf.html,Auteur non disponible,,biographies,"99,00 €"
83,https://www.sifatusafwa.com/fr/biographies/abdallah-ibn-moubarak-mohammed-matar-az-zahrani.html,Auteur non disponible,,biographies,"4,95 €"
84,https://www.sifatusafwa.com/fr/biographies/al-isti-ab-fi-ma-rifah-al-ashab-hafidh-ibn-abdil-barr.html,Ibn Abd al-Barr ,463,biographies,"52,90 €"
85,https://www.sifatusafwa.com/fr/biographies/al-mouhaddithoun-min-jama-ah-ahl-al-hadith-fi-hind-wa-jouhoudouhoum.html,Auteur non disponible,,biographies,"20,00 €"
86,https://www.sifatusafwa.com/fr/biographies/asr-as-sahabah-par-abdel-mounim-al-hachimi.html,Auteur non disponible,,biographies,"20,00 €"
87,https://www.sifatusafwa.com/fr/biographies/asr-at-taabiin-by-abdul-munim-al-hashimi.html,Auteur non disponible,,biographies,"20,00 €"
88,https://www.sifatusafwa.com/fr/biographies/aïcha-mère-des-croyants-ibrahim-ad-douwaych.html,Auteur non disponible,,biographies,"22,00 €"
89,https://www.sifatusafwa.com/fr/biographies/biographie-complète-d-ibn-qayyim-al-jawziyyaah-et-de-ses-œuvres.html,Auteur non disponible,,biographies,"12,50 €"
90,https://www.sifatusafwa.com/fr/biographies/encyclopédie-de-la-vie-d-al-hassan-et-al-houssayn.html,Auteur non disponible,,biographies,"18,00 €"
91,https://www.sifatusafwa.com/fr/biographies/encyclopédie-de-la-vie-des-sahabiyat.html,Auteur non disponible,,biographies,"22,50 €"
92,https://www.sifatusafwa.com/fr/biographies/hayat-as-sahabah-al-kandihlawi-la-vie-des-compagnons.html,Auteur non disponible,,biographies,"89,00 €"
93,https://www.sifatusafwa.com/fr/biographies/minhaj-al-qasidin-fi-fadl-al-khulafaa-ar-rashidin-ibn-qudamah.html,Ibn Qudamah al-Maqdissi ,620,biographies,"8,50 €"
94,https://www.sifatusafwa.com/fr/biographies/mou-jam-al-mou-allifin-encyclopédie-des-écrivains-arabes.html,Auteur non disponible,,biographies,"69,00 €"
95,https://www.sifatusafwa.com/fr/biographies/sufyan-ath-thawi-mohammed-matar-az-zahrani.html,Auteur non disponible,,biographies,"4,95 €"
96,https://www.sifatusafwa.com/fr/biographies/tabaqat-ach-chafi-iyyah-al-wasta-as-soubki.html,As-Subki ,771,biographies,"99,00 €"
97,https://www.sifatusafwa.com/fr/citations-des-salafs/at-touhfah-bi-ma-thour-an-as-salaf-cheikh-abderrazzaq-al-badr.html,Abderrazzaq al-Badr,,citations-des-salafs,"4,00 €"
98,https://www.sifatusafwa.com/fr/citations-des-salafs/la-méthodologie-des-salafs-dans-l-attention-donné-au-noble-coran.html,Auteur non disponible,,citations-des-salafs,"19,90 €"
99,https://www.sifatusafwa.com/fr/citations-des-salafs/manhaj-as-salaf-fi-al-wa-dhi-suleyman-al-arabi-ibn-safiyyah.html,Auteur non disponible,,citations-des-salafs,"36,90 €"
100,https://www.sifatusafwa.com/fr/citations-des-salafs/tahqiq-mawaqif-as-sahabah-fi-al-fitnah.html,Auteur non disponible,,citations-des-salafs,"19,00 €"
101,https://www.sifatusafwa.com/fr/coran-moushaf/coran-avec-couleurs-par-sujets-tafsir-kalimat-de-cheikh-as-sa-di.html,Auteur non disponible,,coran-moushaf,"16,00 €"
102,https://www.sifatusafwa.com/fr/coran-moushaf/coran-avec-onglets-par-sourate-couleur-par-sujets-tranche-dorée.html,Auteur non disponible,,coran-moushaf,"26,90 €"
103,https://www.sifatusafwa.com/fr/coran-moushaf/coran-couverture-velours-gravé-dorures-pages-bleutées-bleu-roi.html,Auteur non disponible,,coran-moushaf,"12,00 €"
104,https://www.sifatusafwa.com/fr/coran-moushaf/coran-couverture-velours-gravé-dorures-pages-bleutés-gris.html,Auteur non disponible,,coran-moushaf,"12,00 €"
105,https://www.sifatusafwa.com/fr/coran-moushaf/le-mushaf-des-10-lectures-selon-la-shatibiya-et-ad-durra.html,Auteur non disponible,,coran-moushaf,"22,90 €"
106,https://www.sifatusafwa.com/fr/coran-moushaf/moushaf-avec-dorures-et-pages-type-coran-de-medine-pages-bleutées.html,Auteur non disponible,,coran-moushaf,"13,50 €"
107,https://www.sifatusafwa.com/fr/coran-moushaf/mushaf-luxueux-avec-qr-code-pour-les-lectures-tafsir-traductions.html#/147-edition-moyen_format_couverture_souple,Auteur non disponible,,coran-moushaf,"17,90 €"
108,https://www.sifatusafwa.com/fr/coran-moushaf/mushaf-luxueux-avec-qr-code-pour-les-lectures-tafsir-traductions.html#/150-edition-grand_format_couverture_rigide,Auteur non disponible,,coran-moushaf,"17,90 €"
109,https://www.sifatusafwa.com/fr/coran-règles-et-lectures/série-je-mamuse-et-je-profite-en-me-divertissant-avec-le-tajwid.html,Auteur non disponible,,coran-règles-et-lectures,"29,90 €"
110,https://www.sifatusafwa.com/fr/dictionnaires-arabe-traduction/abdelnour-scolaire-dictionnaire-arabe-français.html,Auteur non disponible,,dictionnaires-arabe-traduction,"19,00 €"
111,https://www.sifatusafwa.com/fr/dictionnaires-arabe-traduction/abdelnour-scolaire-dictionnaire-arabefrançais-françaisarabe.html,Auteur non disponible,,dictionnaires-arabe-traduction,"32,90 €"
112,https://www.sifatusafwa.com/fr/dictionnaires-arabe-traduction/abdelnour-scolaire-dictionnaire-français-arabe.html,Auteur non disponible,,dictionnaires-arabe-traduction,"19,00 €"
113,https://www.sifatusafwa.com/fr/dictionnaires-arabe-traduction/al-mawrid-al-hadeeth-dictionnaire-anglais-arabe-moderne.html,Auteur non disponible,,dictionnaires-arabe-traduction,"68,00 €"
114,https://www.sifatusafwa.com/fr/dictionnaires-arabe-traduction/al-mawrid-al-qareeb-muzdawaj-arabeanglais-anglaisarabe.html,Auteur non disponible,,dictionnaires-arabe-traduction,"9,90 €"
115,https://www.sifatusafwa.com/fr/dictionnaires-arabe-traduction/dictionnaire-arabeitalien-al-mawrid-arabo-italiano-dizionario.html,Auteur non disponible,,dictionnaires-arabe-traduction,"29,00 €"
116,https://www.sifatusafwa.com/fr/dictionnaires-arabe/al-mawrid-al-arabi-dictionnaire-arabe-arabe-arabe.html,Auteur non disponible,,dictionnaires-arabe,"59,00 €"
117,https://www.sifatusafwa.com/fr/dictionnaires-arabe/al-mawrid-al-arabi-li-tullab-dictionnaire-arabe-des-élèves.html,Auteur non disponible,,dictionnaires-arabe,"20,00 €"
118,https://www.sifatusafwa.com/fr/dictionnaires-arabe/al-mu-jam-an-nafa-is-dictionnaire-d-arabe-de-poche.html,Auteur non disponible,,dictionnaires-arabe,"9,00 €"
119,https://www.sifatusafwa.com/fr/dictionnaires-arabe/majani-li-toullab-dictionnaire-scolaire-2-formats.html#/28-edition-couverture_souple,Auteur non disponible,,dictionnaires-arabe,"17,50 €"
120,https://www.sifatusafwa.com/fr/dictionnaires-arabe/majani-li-toullab-dictionnaire-scolaire-2-formats.html#/29-edition-couverture_rigide,Auteur non disponible,,dictionnaires-arabe,"17,50 €"
121,https://www.sifatusafwa.com/fr/dictionnaires-arabe/mawsu-ah-al-mawrid-al-arabiyah-encyclopédie-arabe-al-mawrid.html,Auteur non disponible,,dictionnaires-arabe,"135,00 €"
122,https://www.sifatusafwa.com/fr/dictionnaires-arabe/mou-jam-an-nafaes-al-madrassi-1-volume-850-pages.html,Auteur non disponible,,dictionnaires-arabe,"26,90 €"
123,https://www.sifatusafwa.com/fr/dictionnaires-arabe/mou-jam-an-nafaes-al-wassit-1-volume-1400-pages.html,Auteur non disponible,,dictionnaires-arabe,"44,90 €"
124,https://www.sifatusafwa.com/fr/dictionnaires-arabe/taj-al-arous-min-charh-jawahir-al-qamous-az-zoubaidi.html#/21-edition-egyptienne,Auteur non disponible,,dictionnaires-arabe,"199,00 €"
125,https://www.sifatusafwa.com/fr/dictionnaires-thématiques/mu-jam-al-af-al-al-muta-addiyah-bi-ghayriha.html,Auteur non disponible,,dictionnaires-thématiques,"17,50 €"
126,https://www.sifatusafwa.com/fr/dictionnaires-thématiques/mu-jam-ash-shamil-alfadh-al-qur-an-al-karim-wa-ma-aniha.html,Auteur non disponible,,dictionnaires-thématiques,"69,00 €"
127,https://www.sifatusafwa.com/fr/diwan-poésie/diwan-abi-bakr-as-siddiq.html,Auteur non disponible,,diwan-poésie,"12,90 €"
128,https://www.sifatusafwa.com/fr/diwan-poésie/diwan-haroun-ar-rachid.html,Auteur non disponible,,diwan-poésie,"15,00 €"
129,https://www.sifatusafwa.com/fr/diwan-poésie/diwan-ka-b-ibn-malik-al-ansari.html,Auteur non disponible,,diwan-poésie,"14,00 €"
130,https://www.sifatusafwa.com/fr/diwan-poésie/diwan-waddah-al-yaman.html,Auteur non disponible,,diwan-poésie,"13,50 €"
131,https://www.sifatusafwa.com/fr/déstockage-et-occasion/UZ-abou-bakr-as-siddiq-abd-as-sattar-al-cheikh.html,Auteur non disponible,,déstockage-et-occasion,"20,18 €"
132,https://www.sifatusafwa.com/fr/déstockage-et-occasion/UZ-jadal-ul-qur-an-il-ahdim-muhammad-bazmoul.html,Muhammad Bazmoul,,déstockage-et-occasion,"3,38 €"
133,https://www.sifatusafwa.com/fr/déstockage-et-occasion/al-haydah-rad-ala-al-jahmiyyah-al-kiani-240h.html,Auteur non disponible,,déstockage-et-occasion,"2,50 €"
134,https://www.sifatusafwa.com/fr/déstockage-et-occasion/al-iman-bi-al-qada-wa-al-qaar-muhammad-ibrahim-al-hamad.html,Auteur non disponible,,déstockage-et-occasion,"15,60 €"
135,https://www.sifatusafwa.com/fr/déstockage-et-occasion/al-qawl-al-mufid-fi-adilat-at-tawhid-lecons-de-tawhid.html,Muhammad al-Wasabi ,1426,déstockage-et-occasion,"5,60 €"
136,https://www.sifatusafwa.com/fr/déstockage-et-occasion/as-siyam-question-réponse-waqf-min-majmu-ah-zad.html,Auteur non disponible,,déstockage-et-occasion,"0,00 €"
137,https://www.sifatusafwa.com/fr/déstockage-et-occasion/fath-al-quddus-as-salam-b-charh-nawaqid-al-islam-oubayd-al-jabiri.html,Ubayd al-Jabiri,,déstockage-et-occasion,"2,50 €"
138,https://www.sifatusafwa.com/fr/déstockage-et-occasion/hidayah-al-murtab-poème-sur-les-yat-moutachabbih-as-sakhawi.html,Auteur non disponible,,déstockage-et-occasion,"6,00 €"
139,https://www.sifatusafwa.com/fr/déstockage-et-occasion/ma-tasir-wa-tahsil-min-dourous-al-quran-al-fawzan.html,Al-Fawzan,,déstockage-et-occasion,"47,92 €"
140,https://www.sifatusafwa.com/fr/déstockage-et-occasion/makarim-al-akhlaq-fi-aw-al-quran-wa-as-sunnah-sa-di-al-chamri.html,Auteur non disponible,,déstockage-et-occasion,"9,10 €"
141,https://www.sifatusafwa.com/fr/déstockage-et-occasion/manhaj-as-salikin-wa-tawdih-al-fiqh-fi-ad-din-shaykh-as-sa-di.html,Auteur non disponible,,déstockage-et-occasion,"5,75 €"
142,https://www.sifatusafwa.com/fr/déstockage-et-occasion/min-akhbar-as-salaf-as-salh.html,Auteur non disponible,,déstockage-et-occasion,"15,75 €"
143,https://www.sifatusafwa.com/fr/déstockage-et-occasion/mouhadarat-fi-al-aqidah-wa-ad-da-ah-70-conférences-d-al-fawzan.html,Al-Fawzan,,déstockage-et-occasion,"48,30 €"
144,https://www.sifatusafwa.com/fr/déstockage-et-occasion/nubdha-yasira-min-hayat-al-allamah-al-wadi-iy-muhammad-sawmi-i.html,Auteur non disponible,,déstockage-et-occasion,"3,50 €"
145,https://www.sifatusafwa.com/fr/déstockage-et-occasion/sufyan-ath-thawi-mohamed-matar-az-zahrani.html,Auteur non disponible,,déstockage-et-occasion,"3,22 €"
146,https://www.sifatusafwa.com/fr/déstockage-et-occasion/taysir-mustalah-al-hadith-d-mamoud-tahan.html,Auteur non disponible,,déstockage-et-occasion,"6,50 €"
147,https://www.sifatusafwa.com/fr/déstockage-et-occasion/wasl-al-qurraa-al-bararah-bi-isnad-al-qira-at-al-arba-abbas-awd-allah.html,Auteur non disponible,,déstockage-et-occasion,"3,00 €"
148,https://www.sifatusafwa.com/fr/education/comment-éduquer-ton-enfant-dr-ahmad-at-tayyar.html,Auteur non disponible,,education,"7,50 €"
149,https://www.sifatusafwa.com/fr/education/l-education-des-enfants-cheikh-abd-ar-razzaq-al-badr.html,Auteur non disponible,,education,"2,00 €"
150,https://www.sifatusafwa.com/fr/explications-de-hadith-choisi/at-tibiyan-al-muyassar-li-ahadith-al-muharrar-zayd-madkhali-3-vol.html,Zayd al-Madkhali ,1435,explications-de-hadith-choisi,"69,90 €"
151,https://www.sifatusafwa.com/fr/explications-de-hadith-choisi/charh-arba-in-an-nawawiyyah-lil-imam-an-nawawi-al-jibrin.html,Ibn Jibrin ,1430,explications-de-hadith-choisi,"20,00 €"
152,https://www.sifatusafwa.com/fr/explications-de-hadith-choisi/charh-sahih-adab-al-mufrad-lil-imam-al-bukhari-husayn-al-awayshah.html,Auteur non disponible,,explications-de-hadith-choisi,"75,00 €"
153,https://www.sifatusafwa.com/fr/explications-de-hadith-choisi/concernant-le-hadith-celui-qui-ment-sur-moi-at-tabarani.html,Auteur non disponible,,explications-de-hadith-choisi,"7,00 €"
154,https://www.sifatusafwa.com/fr/explications-de-hadith-choisi/fawaid-ibn-hajar-al-asqalani-min-fath-al-bari-900-pages.html,Ibn Hajar al-Asqalani ,852,explications-de-hadith-choisi,"32,90 €"
155,https://www.sifatusafwa.com/fr/explications-de-kitab-at-tawhid/charh-kitab-at-tawhid-salih-al-osaimi.html,Salih al-'Usaymi,,explications-de-kitab-at-tawhid,"14,00 €"
156,https://www.sifatusafwa.com/fr/explications-de-kitab-at-tawhid/charh-kitab-at-tawhid-taqi-ad-din-al-hilali.html,Taqi ad-Din al-Hilali ,1407,explications-de-kitab-at-tawhid,"34,90 €"
157,https://www.sifatusafwa.com/fr/explications-de-livres-de-aqida/4-explications-de-cheikh-ibn-baz-at-ta-liqat-al-baziyah-2-volumes.html,Ibn Baz ,1420,explications-de-livres-de-aqida,"45,00 €"
158,https://www.sifatusafwa.com/fr/explications-de-livres-de-aqida/5-explications-de-la-mouqqadimah-d-ibn-abi-zayd-al-qayrawani.html,Al-Fawzan,,explications-de-livres-de-aqida,"45,00 €"
159,https://www.sifatusafwa.com/fr/explications-de-livres-de-aqida/al-bayan-li-risalah-nuwah-al-iman-by-abdellatif-al-cheikh-ar-rajihi.html,Ar-Rajihi,,explications-de-livres-de-aqida,"6,00 €"
160,https://www.sifatusafwa.com/fr/explications-de-livres-de-aqida/at-ta-liqat-az-zakiyyah-ala-al-aqidah-al-wasitiyyah-al-jibrin.html,Ibn Jibrin ,1430,explications-de-livres-de-aqida,"28,90 €"
161,https://www.sifatusafwa.com/fr/explications-de-livres-de-aqida/charh-al-haa-iyyah-poème-d-ibn-abi-dawoud-al-jibrin.html,Ibn Jibrin ,1430,explications-de-livres-de-aqida,"9,00 €"
162,https://www.sifatusafwa.com/fr/explications-de-livres-de-aqida/charh-al-laamiyyah-poème-d-ibn-taymiyyah-al-jibrin.html,Ibn Jibrin ,1430,explications-de-livres-de-aqida,"5,50 €"
163,https://www.sifatusafwa.com/fr/explications-de-livres-de-aqida/charh-at-taa-iyyah-poem-of-ibn-taymiyyah-al-jibrin.html,Ibn Jibrin ,1430,explications-de-livres-de-aqida,"8,00 €"
164,https://www.sifatusafwa.com/fr/explications-de-livres-de-aqida/charh-usul-al-aqa-id-ad-diniyyah-du-cheikh-as-sa-di-al-jibrin.html,Ibn Jibrin ,1430,explications-de-livres-de-aqida,"13,50 €"
165,https://www.sifatusafwa.com/fr/explications-de-livres-de-aqida/explication-a-lam-as-sunnah-al-manchurah-uthaymin-fawzan-al-cheikh.html,Salih Aal ach-Cheikh,,explications-de-livres-de-aqida,"32,90 €"
166,https://www.sifatusafwa.com/fr/explications-de-livres-de-aqida/ihkam-al-kalam-ala-lamiyah-cheikh-al-islam-walid-as-sa-idan.html,Auteur non disponible,,explications-de-livres-de-aqida,"11,50 €"
167,https://www.sifatusafwa.com/fr/explications-de-livres-de-aqida/ta-liqat-ala-al-kafiyah-ach-chafiyah-ibn-al-qayyim-al-fawzan.html,Al-Fawzan,,explications-de-livres-de-aqida,"65,00 €"
168,https://www.sifatusafwa.com/fr/explications-de-livres-de-aqida/ta-liqat-ala-ighathah-al-lahfan-ibn-al-qayyim-al-fawzan.html,Al-Fawzan,,explications-de-livres-de-aqida,"159,00 €"
169,https://www.sifatusafwa.com/fr/explications-de-recueils/badhl-al-majhud-fi-hall-sunan-abi-dawud-du-muhaddith-as-saharanfuri.html,Auteur non disponible,,explications-de-recueils,"299,00 €"
170,https://www.sifatusafwa.com/fr/explications-de-recueils/fath-al-alam-fi-dirassat-ahadith-boulough-al-maram-10-volumes.html,Auteur non disponible,,explications-de-recueils,"249,00 €"
171,https://www.sifatusafwa.com/fr/explications-de-recueils/fath-al-bari-explanation-of-sahih-al-bukhari-ibn-rajab.html,Ibn Rajab ,795,explications-de-recueils,"199,00 €"
172,https://www.sifatusafwa.com/fr/explications-de-recueils/i-lam-al-anam-charh-boulough-al-maram-dr-nour-ad-din-itr-4-volumes.html,Auteur non disponible,,explications-de-recueils,"90,00 €"
173,https://www.sifatusafwa.com/fr/explications-de-recueils/irchad-as-sari-li-charh-sahih-al-bukhari-al-qastalani-ash-shafi-i.html,Auteur non disponible,,explications-de-recueils,"599,00 €"
174,https://www.sifatusafwa.com/fr/explications-de-recueils/mawrid-al-afham-fi-charh-umdah-al-ahkam-abdallah-al-fawzan.html,Abdallah al-Fawzan,,explications-de-recueils,"115,00 €"
175,https://www.sifatusafwa.com/fr/explications-des-livres-de-muhammad-ibn-abdelwahhab/al-bayan-al-moufid-fi-charh-kitab-at-tawhid-ubayd-al-jabiri.html,Ubayd al-Jabiri,,explications-des-livres-de-muhammad-ibn-abdelwahhab,"30,00 €"
176,https://www.sifatusafwa.com/fr/explications-des-livres-de-muhammad-ibn-abdelwahhab/al-fath-wa-at-tasdid-fi-charh-kitab-at-tawhid-cheikh-zayd-madkhali.html,Zayd al-Madkhali ,1435,explications-des-livres-de-muhammad-ibn-abdelwahhab,"25,00 €"
177,https://www.sifatusafwa.com/fr/explications-des-livres-de-muhammad-ibn-abdelwahhab/as-sabk-al-farid-charh-kitab-at-tawhid-al-jibrin-2-volumes.html,Ibn Jibrin ,1430,explications-des-livres-de-muhammad-ibn-abdelwahhab,"48,00 €"
178,https://www.sifatusafwa.com/fr/explications-des-livres-de-muhammad-ibn-abdelwahhab/charh-adab-al-machi-ila-as-salat-cheikh-salih-al-luhaydan.html,Al-Luhaydan,,explications-des-livres-de-muhammad-ibn-abdelwahhab,"20,00 €"
179,https://www.sifatusafwa.com/fr/explications-des-livres-de-muhammad-ibn-abdelwahhab/charh-al-qawa-id-al-arba-cheikh-salih-al-luhaydan.html,Al-Luhaydan,,explications-des-livres-de-muhammad-ibn-abdelwahhab,"4,20 €"
180,https://www.sifatusafwa.com/fr/explications-des-livres-de-muhammad-ibn-abdelwahhab/charh-aqidah-al-imam-muhammad-ibn-abdelwahhab-cheikh-zayd-madkhali.html,Zayd al-Madkhali ,1435,explications-des-livres-de-muhammad-ibn-abdelwahhab,"13,50 €"
181,https://www.sifatusafwa.com/fr/explications-des-livres-de-muhammad-ibn-abdelwahhab/charh-at-thalathah-al-ousoul-souleyman-rouhayli.html,Suleyman ar-Ruhayli,,explications-des-livres-de-muhammad-ibn-abdelwahhab,"27,90 €"
182,https://www.sifatusafwa.com/fr/explications-des-livres-de-muhammad-ibn-abdelwahhab/charh-fadl-al-islam-salih-al-osaimi.html,Salih al-'Usaymi,,explications-des-livres-de-muhammad-ibn-abdelwahhab,"5,00 €"
183,https://www.sifatusafwa.com/fr/explications-des-livres-de-muhammad-ibn-abdelwahhab/charh-nawaqid-al-islam-cheikh-abdallah-ibn-jibrin.html,Ibn Jibrin ,1430,explications-des-livres-de-muhammad-ibn-abdelwahhab,"9,00 €"
184,https://www.sifatusafwa.com/fr/explications-des-livres-de-muhammad-ibn-abdelwahhab/charh-taysir-al-aziz-al-hamid-al-hamdan-al-ghamidi-5-vol.html,Auteur non disponible,,explications-des-livres-de-muhammad-ibn-abdelwahhab,"105,00 €"
185,https://www.sifatusafwa.com/fr/explications-des-livres-de-muhammad-ibn-abdelwahhab/charh-thalathah-al-ousoul-salih-al-osaimi.html,Salih al-'Usaymi,,explications-des-livres-de-muhammad-ibn-abdelwahhab,"5,00 €"
186,https://www.sifatusafwa.com/fr/explications-des-livres-de-muhammad-ibn-abdelwahhab/chourouh-rasail-al-imam-al-mujaddid-m-ibn-abdelwahhab-1-ar-rajihi.html,Ar-Rajihi,,explications-des-livres-de-muhammad-ibn-abdelwahhab,"16,90 €"
187,https://www.sifatusafwa.com/fr/explications-des-livres-de-muhammad-ibn-abdelwahhab/chourouh-rasail-al-imam-al-mujaddid-m-ibn-abdelwahhab-3-ar-rajihi.html,Ar-Rajihi,,explications-des-livres-de-muhammad-ibn-abdelwahhab,"22,00 €"
188,https://www.sifatusafwa.com/fr/famille-femmes-enfant/le-consensus-des-4-écoles-sur-l-obligation-du-hijab.html,Auteur non disponible,,famille-femmes-enfant,"14,00 €"
189,https://www.sifatusafwa.com/fr/famille-femmes-enfant/riyad-as-salihin-lil-atfal-al-muslimin-harakat.html,Auteur non disponible,,famille-femmes-enfant,"4,20 €"
190,https://www.sifatusafwa.com/fr/famille-femmes-enfant/tahsin-al-atfal-bi-al-ad-iyah-wa-al-adhkar-harakat.html,Auteur non disponible,,famille-femmes-enfant,"4,20 €"
191,https://www.sifatusafwa.com/fr/femmes-famille-enfants2/tawq-al-hamamah-fil-ulfah-wal-ullaaf-de-l-imam-ibn-hazm.html,Ibn Hazm ,456,femmes-famille-enfants2,"18,00 €"
192,https://www.sifatusafwa.com/fr/fin-de-série-neufs/livre-mini-format-aléatoire-08x12cm-60-à-120-pages.html,Auteur non disponible,,fin-de-série-neufs,"0,90 €"
193,https://www.sifatusafwa.com/fr/fin-de-série-neufs/livre-mini-format-aléatoire-08x12cm.html,Auteur non disponible,,fin-de-série-neufs,"0,40 €"
194,https://www.sifatusafwa.com/fr/fiqh-ahkam/al-maqassid-ach-chari-ah-al-islamiyyah-cheikh-tahir-ibn-achour.html,Auteur non disponible,,fiqh-ahkam,"24,00 €"
195,https://www.sifatusafwa.com/fr/fiqh-ahkam/al-sharh-al-muyassar-li-kitab-al-muharrar-fil-hadith-ahmed-al-qarni.html,Auteur non disponible,,fiqh-ahkam,"26,90 €"
196,https://www.sifatusafwa.com/fr/fiqh-ahkam/at-tabsirah-de-ibn-al-jawzi.html,Ibn al-Jawzi ,597,fiqh-ahkam,"39,90 €"
197,https://www.sifatusafwa.com/fr/fiqh-ahkam/at-tanqih-al-mouchbi-fi-tahrir-ahkam-al-mouqni-al-qadi-al-mardawi.html,Auteur non disponible,,fiqh-ahkam,"65,00 €"
198,https://www.sifatusafwa.com/fr/fiqh-ahkam/charh-bidayah-al-mujtahid-wa-nihayah-al-muqtasid-abdullah-al-abadi.html,Auteur non disponible,,fiqh-ahkam,"95,00 €"
199,https://www.sifatusafwa.com/fr/fiqh-ahkam/houkm-as-sounnah-wal-kitab-fi-ta-am-ahl-al-kitab-an-natiqy.html,Auteur non disponible,,fiqh-ahkam,"8,50 €"
200,https://www.sifatusafwa.com/fr/fiqh-ahkam/jami-moutun-al-fiqh-ash-shafi-iy-7-matn-de-lécole-shafii.html,Auteur non disponible,,fiqh-ahkam,"18,00 €"
201,https://www.sifatusafwa.com/fr/fiqh-ahkam/jazil-al-mawahib-fi-ikhtilaf-al-madhahib-imam-as-souyouti.html,As-Suyuti ,911,fiqh-ahkam,"3,00 €"
202,https://www.sifatusafwa.com/fr/fiqh-ahkam/la-hijama-entre-science-et-mythe.html,Auteur non disponible,,fiqh-ahkam,"5,25 €"
203,https://www.sifatusafwa.com/fr/fiqh-ahkam/les-bienfaits-de-l-eau-de-zam-zam-recherche-appronfondie.html,Auteur non disponible,,fiqh-ahkam,"12,50 €"
204,https://www.sifatusafwa.com/fr/fiqh-ahkam/mou-in-al-houkkam-at-taraboulousi-ilm-al-qadha.html,Auteur non disponible,,fiqh-ahkam,"58,00 €"
205,https://www.sifatusafwa.com/fr/fiqh-ahkam/oussous-manhaj-as-salaf-fi-ad-da-wah-ila-allah-fawaz-as-souhaymi.html,Auteur non disponible,,fiqh-ahkam,"9,90 €"
206,https://www.sifatusafwa.com/fr/fiqh-ahkam/risalah-fi-ta-lim-an-nisaa-al-kitabah-al-madrassi-al-shafi-i.html,Auteur non disponible,,fiqh-ahkam,"4,50 €"
207,https://www.sifatusafwa.com/fr/fiqh-ahkam/tabsirah-al-hukkam-fi-usul-al-aqdhiyyah-ibn-farhun-799h.html,Auteur non disponible,,fiqh-ahkam,"69,90 €"
208,https://www.sifatusafwa.com/fr/fiqh-ahkam/tahqiq-al-burhan-fi-chaan-ad-dukhan-allamah-ma-ri-al-karmi.html,Mar'i Al-Karmi ,1033,fiqh-ahkam,"24,00 €"
209,https://www.sifatusafwa.com/fr/fiqh-ahkam/tashil-al-muqni-fi-hal-alfadh-ar-rawd-al-murbi-de-kamilah-al-kawari.html,Kamila Kuwari,,fiqh-ahkam,"119,00 €"
210,https://www.sifatusafwa.com/fr/fiqh-hanafi/ad-durar-al-mubahah-fi-al-hadhra-wa-al-ibahah-an-nahlawi-1350h.html,Auteur non disponible,,fiqh-hanafi,"32,90 €"
211,https://www.sifatusafwa.com/fr/fiqh-hanafi/al-ghayah-fi-charh-al-hidayah-al-sarouji-al-hanafi.html,Auteur non disponible,,fiqh-hanafi,"469,00 €"
212,https://www.sifatusafwa.com/fr/fiqh-hanafi/al-hidayah-sharh-bidayat-al-mubtadi-al-marghinani.html,Al-Marghinani ,593,fiqh-hanafi,"199,00 €"
213,https://www.sifatusafwa.com/fr/fiqh-hanafi/al-ishfaq-ala-ahkam-at-talaq-mohammed-al-kawthari-fiqh-hanafi.html,Auteur non disponible,,fiqh-hanafi,"20,00 €"
214,https://www.sifatusafwa.com/fr/fiqh-hanafi/al-mabsout-de-l-imam-abi-bakr-as-sarkhasi-al-hanafi.html,As-Sarkhasi ,483,fiqh-hanafi,"135,00 €"
215,https://www.sifatusafwa.com/fr/fiqh-hanafi/al-madkhal-ila-kitab-al-hidayah-6-mouqaddimat.html,Auteur non disponible,,fiqh-hanafi,"22,90 €"
216,https://www.sifatusafwa.com/fr/fiqh-hanafi/al-wafi-fi-al-fiqh-ala-madhhab-al-imam-abi-hanifah-an-nasafi.html,An-Nasafi ,710,fiqh-hanafi,"45,00 €"
217,https://www.sifatusafwa.com/fr/fiqh-hanafi/an-nukat-at-tarifah-réfutations-entre-ibn-abi-chaybah-et-abu-hanifa.html,Auteur non disponible,,fiqh-hanafi,"34,90 €"
218,https://www.sifatusafwa.com/fr/fiqh-hanafi/charh-moukhtasar-al-karkhi-al-qoudouri-fiqh-hanafi.html,Al-Quduri ,428,fiqh-hanafi,"339,00 €"
219,https://www.sifatusafwa.com/fr/fiqh-hanafi/khulasat-ad-dala-il-fi-tanqih-al-masa-il-ibn-makki-ar-razi-598h.html,Auteur non disponible,,fiqh-hanafi,"109,00 €"
220,https://www.sifatusafwa.com/fr/fiqh-hanafi/kitab-at-taqrib-fi-masail-al-khilaf-al-imam-al-qoudouri-428h.html,Al-Quduri ,428,fiqh-hanafi,"59,00 €"
221,https://www.sifatusafwa.com/fr/fiqh-hanafi/les-avis-de-fiqh-sur-lesquels-abu-hanifa-et-ses-compagnons-sont-revenus.html,Auteur non disponible,,fiqh-hanafi,"24,00 €"
222,https://www.sifatusafwa.com/fr/fiqh-hanafi/murshid-al-hayran-ila-marifat-ahwal-al-insan-muhammad-qadri-pasha.html,Auteur non disponible,,fiqh-hanafi,"20,00 €"
223,https://www.sifatusafwa.com/fr/fiqh-hanafi/takhrij-ahadith-al-bazdawi-hafidh-qasim-ibn-qutlubugha.html,Auteur non disponible,,fiqh-hanafi,"18,00 €"
224,https://www.sifatusafwa.com/fr/fiqh-hanbali/ad-dalail-wa-al-icharat-ala-akhsar-al-mukhtasarat-2-volumes.html,Auteur non disponible,,fiqh-hanbali,"59,90 €"
225,https://www.sifatusafwa.com/fr/fiqh-hanbali/al-idah-fi-al-fiqh-al-hanbali-abou-al-farj-ach-chirazi-486h.html,Auteur non disponible,,fiqh-hanbali,"24,90 €"
226,https://www.sifatusafwa.com/fr/fiqh-hanbali/al-inayah-bi-adillah-al-kifayah-ala-mu-tamad-fi-madhhab-al-imam-ahmad.html,Auteur non disponible,,fiqh-hanbali,"69,00 €"
227,https://www.sifatusafwa.com/fr/fiqh-hanbali/al-jam-al-bahi-li-mandhoumat-al-fiqh-al-hanbali.html,Auteur non disponible,,fiqh-hanbali,"11,90 €"
228,https://www.sifatusafwa.com/fr/fiqh-hanbali/al-moubdi-charh-al-mouqni-ibn-mouflih-al-maqdissi-20-volumes.html#/176-edition-20_volumes,Auteur non disponible,,fiqh-hanbali,"349,00 €"
229,https://www.sifatusafwa.com/fr/fiqh-hanbali/al-moubdi-charh-al-mouqni-ibn-mouflih-al-maqdissi-20-volumes.html#/89-edition-10_volumes,Auteur non disponible,,fiqh-hanbali,"349,00 €"
230,https://www.sifatusafwa.com/fr/fiqh-hanbali/al-usul-allati-alayha-madaru-al-fiqh-abi-musa-al-hanbali-428h.html,Auteur non disponible,,fiqh-hanbali,"25,00 €"
231,https://www.sifatusafwa.com/fr/fiqh-hanbali/ar-rawd-al-mourbi-bi-charh-zad-al-moustaqni-spécial-étudiants.html,Al-Buhuti ,1051,fiqh-hanbali,"109,00 €"
232,https://www.sifatusafwa.com/fr/fiqh-hanbali/as-salsabil-fi-charh-ad-dalil-du-cheikh-sa-d-al-khathlan.html,Auteur non disponible,,fiqh-hanbali,"189,00 €"
233,https://www.sifatusafwa.com/fr/fiqh-hanbali/bughyat-uli-an-nuha-fi-charh-ghayat-al-muntaha-ibn-al-imad-al-hanbali.html,Auteur non disponible,,fiqh-hanbali,"250,00 €"
234,https://www.sifatusafwa.com/fr/fiqh-hanbali/charh-moukhtasar-al-khiraqi-al-qadi-abi-ya-la.html,Al-Qadi Abu Ya'la ,458,fiqh-hanbali,"59,90 €"
235,https://www.sifatusafwa.com/fr/fiqh-hanbali/dalil-at-talib-li-nayl-al-matalib-annotations-de-muhammad-ibn-mani-.html,Mar'i Al-Karmi ,1033,fiqh-hanbali,"18,00 €"
236,https://www.sifatusafwa.com/fr/fiqh-hanbali/hashiah-ar-rawd-al-murbi-li-ibn-ghubbach-al-murri-1388h.html,Auteur non disponible,,fiqh-hanbali,"15,00 €"
237,https://www.sifatusafwa.com/fr/fiqh-hanbali/irchad-ouli-an-nouha-li-daqa-iq-al-mountaha-mansour-al-bouhouti.html,Al-Buhuti ,1051,fiqh-hanbali,"85,00 €"
238,https://www.sifatusafwa.com/fr/fiqh-hanbali/kitab-al-ihkam-mukhtasar-ibn-al-lahham-oussoul-fiqh-hanbali.html,Auteur non disponible,,fiqh-hanbali,"26,00 €"
239,https://www.sifatusafwa.com/fr/fiqh-hanbali/les-consensus-de-fiqh-ijma-at-al-fiqhiyah-rapportés-par-l-imam-ahmad.html,Auteur non disponible,,fiqh-hanbali,"18,00 €"
240,https://www.sifatusafwa.com/fr/fiqh-hanbali/madarij-tafaqqouh-al-ḥanbali-du-cheikh-aḥmad-al-qou-aymi.html,Auteur non disponible,,fiqh-hanbali,"16,00 €"
241,https://www.sifatusafwa.com/fr/fiqh-hanbali/madhhab-al-ahmad-livre-de-fiqh-hanbali-par-l-imam-ibn-al-jawzi.html,Ibn al-Jawzi ,597,fiqh-hanbali,"24,00 €"
242,https://www.sifatusafwa.com/fr/fiqh-hanbali/massalik-ar-raghib-li-charh-dalil-at-talib-cheikh-ibrahim-al-awfi.html,Auteur non disponible,,fiqh-hanbali,"39,90 €"
243,https://www.sifatusafwa.com/fr/fiqh-hanbali/matn-zad-al-mustaqni-avec-annotations-fawaid.html,Al-Hajjawi ,968,fiqh-hanbali,"18,00 €"
244,https://www.sifatusafwa.com/fr/fiqh-hanbali/moulakhas-al-fawakih-al-adidah-fi-masail-al-moufidah-ibn-qasim.html,Ibn Qasim An-Najdi ,1392,fiqh-hanbali,"26,00 €"
245,https://www.sifatusafwa.com/fr/fiqh-hanbali/mukhtasar-at-tahrir-fi-usul-al-fiqh-ibn-an-najar.html,Ibn Najjar al-Futuhi ,972,fiqh-hanbali,"22,50 €"
246,https://www.sifatusafwa.com/fr/fiqh-hanbali/taqrib-matn-ar-rawdah-an-nadhar-ar-rawd-az-zahir-mahmoud-kabch.html,Auteur non disponible,,fiqh-hanbali,"37,90 €"
247,https://www.sifatusafwa.com/fr/fiqh-maliki/al-jami-li-masa-il-al-mudawwanah-ibn-yunus-as-siqilli-451h.html,Auteur non disponible,,fiqh-maliki,"159,00 €"
248,https://www.sifatusafwa.com/fr/fiqh-maliki/al-mou-amalat-fi-al-fiqh-al-maliki-sadiq-al-ghariani.html,Auteur non disponible,,fiqh-maliki,"15,00 €"
249,https://www.sifatusafwa.com/fr/fiqh-maliki/al-muqaddimah-al-qurtubiyyah-bi-charh-cheikh-zarrouk-el-bernoussi.html,Auteur non disponible,,fiqh-maliki,"13,00 €"
250,https://www.sifatusafwa.com/fr/fiqh-maliki/al-usul-fi-ma-rifah-al-usul-risalah-fi-usul-ad-din-ibn-al-arabi.html,Ibn al-’Arabi ,543,fiqh-maliki,"11,90 €"
251,https://www.sifatusafwa.com/fr/fiqh-maliki/charh-aqidah-malik-as-saghir-al-qayrawani-al-qadi-abdelwahhab.html,Al-Qadi 'Abdel-Wahhab ,422,fiqh-maliki,"22,00 €"
252,https://www.sifatusafwa.com/fr/fiqh-maliki/dalil-as-salik-ala-as-hal-al-massalik-houssain-as-soulaymani.html,Auteur non disponible,,fiqh-maliki,"20,00 €"
253,https://www.sifatusafwa.com/fr/fiqh-maliki/hachiyah-ad-dousouqi-ala-ach-charh-al-kabir-fiqh-maliki.html,Auteur non disponible,,fiqh-maliki,"299,00 €"
254,https://www.sifatusafwa.com/fr/fiqh-maliki/ikhtisar-al-mabsoutah-fi-ikhtilaf-as-hab-malik-wa-aqwalouhou.html,Ibn Rushd ,,fiqh-maliki,"34,90 €"
255,https://www.sifatusafwa.com/fr/fiqh-maliki/lawami-al-durar-fi-hatk-astar-al-mukhtasar-al-majlisi-ash-shinqiti.html,Auteur non disponible,,fiqh-maliki,"199,00 €"
256,https://www.sifatusafwa.com/fr/fiqh-maliki/le-statut-du-qabd-dans-la-prière-chez-l-imam-malik-al-mekki-ibn-azouz.html,Auteur non disponible,,fiqh-maliki,"16,90 €"
257,https://www.sifatusafwa.com/fr/fiqh-maliki/majmou-al-amir-moukhtasar-al-amir-fiqh-maliki.html,Auteur non disponible,,fiqh-maliki,"79,00 €"
258,https://www.sifatusafwa.com/fr/fiqh-rajih-salafi-sans-madhhab/charh-umdah-al-ahkam-abdelghani-ibn-qudamah-al-maqdissi-al-fawzan.html, Al-Fawzan,,fiqh-rajih-salafi-sans-madhhab,"55,00 €"
259,https://www.sifatusafwa.com/fr/fiqh-rajih-salafi-sans-madhhab/ibhaj-al-mouminin-bi-charh-manhaj-as-salikin-al-jibrin-2-volumes.html,Ibn Jibrin ,1430,fiqh-rajih-salafi-sans-madhhab,"46,90 €"
260,https://www.sifatusafwa.com/fr/fiqh-rajih-salafi-sans-madhhab/sharh-manhaj-as-salikin-li-al-allamah-as-sa-di-de-900-pages.html,Auteur non disponible,,fiqh-rajih-salafi-sans-madhhab,"42,90 €"
261,https://www.sifatusafwa.com/fr/fiqh-rajih-salafi-sans-madhhab/zad-al-ibad-durar-as-sanniyah-harakat.html,Auteur non disponible,,fiqh-rajih-salafi-sans-madhhab,"29,00 €"
262,https://www.sifatusafwa.com/fr/fiqh-shafii/al-fatawah-al-hadithiyyah-ibn-hajar-al-haytami.html,Ibn Hajar al-Haytami ,974,fiqh-shafii,"45,00 €"
263,https://www.sifatusafwa.com/fr/fiqh-shafii/al-iqna-fi-hall-alfadh-abi-chouja-khatib-chirbini-anwar-al-azhar.html,Khatib as-Shirbini ,977,fiqh-shafii,"69,90 €"
264,https://www.sifatusafwa.com/fr/fiqh-shafii/al-wajiz-fi-al-fiqh-ash-shafi-i-abu-hamid-al-ghazali.html,Al-Ghazali ,505,fiqh-shafii,"15,00 €"
265,https://www.sifatusafwa.com/fr/fiqh-shafii/al-yaqut-an-nafis-fi-madhhab-ibn-idriss-al-shafii-ahmad-ash-shatri.html,Auteur non disponible,,fiqh-shafii,"7,50 €"
266,https://www.sifatusafwa.com/fr/fiqh-shafii/an-nukat-fil-masail-al-mukhtalaf-fiha-bayna-ash-shafi-i-wa-abi-hanifah.html,Abu Ishaq as-Shirazi ,476,fiqh-shafii,"69,90 €"
267,https://www.sifatusafwa.com/fr/fiqh-shafii/charh-al-waraqat-fi-usul-al-fiqh-abu-nasr-at-tabalawi-fiqh-shafii.html,Auteur non disponible,,fiqh-shafii,"22,50 €"
268,https://www.sifatusafwa.com/fr/fiqh-shafii/charh-risalah-lil-imam-ash-shafi-i-cheikh-sa-d-ach-chathry.html,Sa'd ach-Chathry,,fiqh-shafii,"30,00 €"
269,https://www.sifatusafwa.com/fr/fiqh-shafii/ghayat-al-muna-bi-sharh-safinah-an-naja-muhammad-al-hadrami.html,Auteur non disponible,,fiqh-shafii,"26,00 €"
270,https://www.sifatusafwa.com/fr/fiqh-shafii/hachiyah-al-bijirmi-ala-al-iqna-fiqh-shafi-i-anwar-al-azhar.html,Auteur non disponible,,fiqh-shafii,"199,00 €"
271,https://www.sifatusafwa.com/fr/fiqh-shafii/ianat-at-talibin-ala-hall-alfadh-fath-al-muin-sayid-al-bakri.html,Auteur non disponible,,fiqh-shafii,"89,00 €"
272,https://www.sifatusafwa.com/fr/fiqh-shafii/ikhbar-al-ahya-bi-akhbar-al-ihya-hafidh-al-iraqi.html,Al-Hafidh al-'Iraqi ,806,fiqh-shafii,"19,00 €"
273,https://www.sifatusafwa.com/fr/fiqh-shafii/ikhtilaf-al-ulama-ikhtilaf-al-fuqaha-de-l-imam-at-tabari.html,Ibn Jarir at-Tabari ,310,fiqh-shafii,"44,90 €"
274,https://www.sifatusafwa.com/fr/fiqh-shafii/kitab-al-houdoud-al-imam-abou-ishaq-ach-chirazi.html,Auteur non disponible,,fiqh-shafii,"32,90 €"
275,https://www.sifatusafwa.com/fr/fiqh-shafii/manhaj-at-toullab-fi-fiqh-al-imam-ash-shafi-i-zakariyya-al-ansari.html,Zakaria al-Ansari ,926,fiqh-shafii,"23,50 €"
276,https://www.sifatusafwa.com/fr/fiqh-shafii/matn-abi-chouja-ghayah-al-ikhtisar-fiqh-shafi-i-anwar-al-azhar.html,Abu Shuja' al-Asfahani ,500,fiqh-shafii,"5,50 €"
277,https://www.sifatusafwa.com/fr/fiqh-shafii/minah-al-fattah-ala-manasik-al-idah-li-nawawi-ibn-hajar-al-haytami.html,Ibn Hajar al-Haytami ,974,fiqh-shafii,"45,00 €"
278,https://www.sifatusafwa.com/fr/fiqh-shafii/étude-simplifiée-du-fiqh-de-l-imam-shafi-i-schémas-tableaux-exercices.html,Auteur non disponible,,fiqh-shafii,"32,90 €"
279,https://www.sifatusafwa.com/fr/grammaire-nahou/al-kafi-fi-an-nahwi-sayyid-al-khalifah.html,Auteur non disponible,,grammaire-nahou,"17,50 €"
280,https://www.sifatusafwa.com/fr/grammaire-nahou/al-mountakhab-fi-charh-laamiyat-al-arab-par-ibn-abi-tayy.html,Auteur non disponible,,grammaire-nahou,"29,90 €"
281,https://www.sifatusafwa.com/fr/grammaire-nahou/al-soura-ila-lamiya-al-chanfara-lamiya-al-af-al-abdelaziz-al-harbi.html,Abdulaziz ibn 'Ali al-Harbi,,grammaire-nahou,"11,00 €"
282,https://www.sifatusafwa.com/fr/grammaire-nahou/al-wajiz-fi-hourouf-al-ma-ani-tableaux-schémas-exemples.html,Auteur non disponible,,grammaire-nahou,"6,00 €"
283,https://www.sifatusafwa.com/fr/grammaire-nahou/charh-al-mouqaddimah-al-ajroumiyyah-ajouramiyyah-salih-al-osaimi.html,Salih al-'Usaymi,,grammaire-nahou,"5,00 €"
284,https://www.sifatusafwa.com/fr/grammaire-nahou/charh-choudhour-ad-dhahab-d-ibn-hicham-annotations-schémas-harakat.html,Ibn Hicham al-Ansari ,761,grammaire-nahou,"20,00 €"
285,https://www.sifatusafwa.com/fr/hadith/al-ilma-ila-marifat-usul-ar-riwaya-wa-taqyid-as-sama-qadi-iyad.html,Al-Qadi 'Iyad ,544,hadith,"24,00 €"
286,https://www.sifatusafwa.com/fr/hadith/alfadh-al-jarh-wa-at-ta-dil-an-nadirah-wa-mustalahat-al-a-immah.html,Auteur non disponible,,hadith,"23,50 €"
287,https://www.sifatusafwa.com/fr/hadith/at-tus-aiyyat-by-hafidh-ibn-al-attar-44-hadiths.html,Ibn Al 'Attar ,724,hadith,"26,50 €"
288,https://www.sifatusafwa.com/fr/hadith/ibanah-al-ahkam-sharh-bulugh-al-maram-etude-méthodique-comparative.html,Auteur non disponible,,hadith,"32,90 €"
289,https://www.sifatusafwa.com/fr/hadith/kitab-al-joumou-ah-wa-fadliha-abu-bakr-al-marouzi-292h.html,Al-Marwazi / al-Marouzi ,294,hadith,"3,50 €"
290,https://www.sifatusafwa.com/fr/hadith/les-hadiths-et-athars-concernant-l-iraq-et-les-fitans.html,Auteur non disponible,,hadith,"26,90 €"
291,https://www.sifatusafwa.com/fr/hadith/mousnad-abi-bakr-as-siddiq-ahmad-ibn-ali-al-marouzi-292h.html,Al-Marwazi / al-Marouzi ,294,hadith,"5,50 €"
292,https://www.sifatusafwa.com/fr/hadith/nadhir-as-sahih-ala-al-jami-as-sahih-grammaire-du-sahih-bukhari.html,Auteur non disponible,,hadith,"115,00 €"
293,https://www.sifatusafwa.com/fr/histoire-islamique/akhlaq-al-anbiya-de-muhammad-abdullah-ad-duwaish.html,Auteur non disponible,,histoire-islamique,"24,00 €"
294,https://www.sifatusafwa.com/fr/histoire-islamique/al-icharah-ila-wafayat-muntaqa-min-tarikh-al-islam-imam-al-dhahabi.html,Adh-Dhahabi ,748,histoire-islamique,"24,00 €"
295,https://www.sifatusafwa.com/fr/histoire-islamique/la-mouqaddimah-d-ibn-khaldoun.html,Auteur non disponible,,histoire-islamique,"18,00 €"
296,https://www.sifatusafwa.com/fr/histoire-islamique/qalaaid-al-aqyan-fi-fadaail-aal-uthman-cheikh-mari-al-karmi.html,Mar'i Al-Karmi ,1033,histoire-islamique,"20,00 €"
297,https://www.sifatusafwa.com/fr/histoire-islamique/tarikh-ibn-issa-histoire-du-najd-et-de-ses-gens.html,Auteur non disponible,,histoire-islamique,"99,00 €"
298,https://www.sifatusafwa.com/fr/hukm-et-sujets-divers/ahkam-ad-darb-fi-al-fiqh-al-islami-abdallah-al-shuraim.html,Auteur non disponible,,hukm-et-sujets-divers,"18,00 €"
299,https://www.sifatusafwa.com/fr/hukm-et-sujets-divers/al-ahkam-al-muta-alliqah-bi-as-sihr-wa-as-saharah-fi-al-fiqh-al-islami.html,Auteur non disponible,,hukm-et-sujets-divers,"15,50 €"
300,https://www.sifatusafwa.com/fr/hukm-et-sujets-divers/les-dettes-dans-le-fiqh-paiement-et-exonération-ahmed-sayyid-hiwwi.html,Auteur non disponible,,hukm-et-sujets-divers,"32,90 €"
301,https://www.sifatusafwa.com/fr/hukm-et-sujets-divers/min-fiqh-al-mou-amalat-cheikh-salih-al-fawzan.html,Al-Fawzan,,hukm-et-sujets-divers,"15,00 €"
302,https://www.sifatusafwa.com/fr/hukm-et-sujets-divers/pack-de-4-livrets-sur-la-sorcellerie-l-envie-le-mauvais-oeil-et-le-toucher.html,Auteur non disponible,,hukm-et-sujets-divers,"4,99 €"
303,https://www.sifatusafwa.com/fr/langue-arabe/al-jana-ad-dani-fi-hourouf-al-ma-ani-al-maradi-749h-2-vol.html,Auteur non disponible,,langue-arabe,"32,90 €"
304,https://www.sifatusafwa.com/fr/langue-arabe/al-joumlah-al-arabiyyah-ta-lifouha-wa-aqsamouha-fadil-as-samarani.html,Auteur non disponible,,langue-arabe,"12,00 €"
305,https://www.sifatusafwa.com/fr/langue-arabe/al-maqasid-al-wafiyyah-fi-qawa-id-ilm-al-arabiyyah.html,Auteur non disponible,,langue-arabe,"8,00 €"
306,https://www.sifatusafwa.com/fr/langue-arabe/al-moufrad-al-alam-ahmad-al-hachimi-imlae.html,Auteur non disponible,,langue-arabe,Non disponible
307,https://www.sifatusafwa.com/fr/langue-arabe/al-ousoul-fi-an-nahwi-les-fondements-de-la-grammaire-ibn-as-sarraaj.html,Auteur non disponible,,langue-arabe,"59,00 €"
308,https://www.sifatusafwa.com/fr/langue-arabe/an-nahou-al-mouyassar-dr-issam-an-najar.html,Auteur non disponible,,langue-arabe,"15,00 €"
309,https://www.sifatusafwa.com/fr/langue-arabe/dirasat-li-uslub-al-qur-an-al-karim-muhammad-abd-al-khaliq-udaymah.html,Auteur non disponible,,langue-arabe,"199,00 €"
310,https://www.sifatusafwa.com/fr/langue-arabe/explication-du-nadhm-al-moutamimmah-al-ajroumiyyah-de-muhammad-al-ithioubi.html,Muhammad ibn Adam al-Ethiopi ,1442,langue-arabe,"15,50 €"
311,https://www.sifatusafwa.com/fr/langue-arabe/fatwa-halabiyah-fi-ulum-al-arabiyah-fakhr-ed-dine-qabawah.html,Auteur non disponible,,langue-arabe,"20,00 €"
312,https://www.sifatusafwa.com/fr/langue-arabe/kitab-al-ma-ani-al-kabir-fi-abyat-al-ma-ani-ibn-qutaybah.html,Ibn Qutaybah ,276,langue-arabe,"38,00 €"
313,https://www.sifatusafwa.com/fr/langue-arabe/ma-ani-an-nahou-fadil-salih-as-samarani-4-volumes.html,Auteur non disponible,,langue-arabe,"75,00 €"
314,https://www.sifatusafwa.com/fr/langue-arabe/nataaij-al-fikr-fi-nahwi-abou-al-qasim-as-souhayli.html,Auteur non disponible,,langue-arabe,"25,00 €"
315,https://www.sifatusafwa.com/fr/langue-arabe/tabarih-fi-houbb-al-arabiyyah-amour-de-la-langue-arabe.html,Auteur non disponible,,langue-arabe,"15,50 €"
316,https://www.sifatusafwa.com/fr/langue-arabe/tanqih-al-azhariyah-muhammad-muhyi-ad-din-abdelhamid.html,Auteur non disponible,,langue-arabe,"8,00 €"
317,https://www.sifatusafwa.com/fr/les-occaz-de-l-entrepôt/10-histoires-des-garçons-autor-du-messager-d-allah-pour-enfants.html,Auteur non disponible,,les-occaz-de-l-entrepôt,"3,60 €"
318,https://www.sifatusafwa.com/fr/les-occaz-de-l-entrepôt/a-lam-as-sunna-al-manchora-200-q-r-sur-la-aqida-hafidh-hakimi.html,Hafidh Hakami ,1377,les-occaz-de-l-entrepôt,"3,00 €"
319,https://www.sifatusafwa.com/fr/les-occaz-de-l-entrepôt/a-lam-as-sunna-al-mancora-200-q-r-sur-la-aqida-hafidh-hakimi.html,Hafidh Hakami ,1377,les-occaz-de-l-entrepôt,"3,90 €"
320,https://www.sifatusafwa.com/fr/les-occaz-de-l-entrepôt/ad-durar-al-mubahah-fi-al-hadhr-wa-al-ibahah-an-nahlawi-1350h.html,Auteur non disponible,,les-occaz-de-l-entrepôt,"24,68 €"
321,https://www.sifatusafwa.com/fr/les-occaz-de-l-entrepôt/aide-mémoire-en-aqida-en-fiqhet-en-sirah.html,Auteur non disponible,,les-occaz-de-l-entrepôt,"4,88 €"
322,https://www.sifatusafwa.com/fr/les-occaz-de-l-entrepôt/al-adillah-al-aqliyyah-an-naqliyah-ala-usul-l-itiqad-su-ud-arifi.html,Auteur non disponible,,les-occaz-de-l-entrepôt,"14,89 €"
323,https://www.sifatusafwa.com/fr/les-occaz-de-l-entrepôt/al-hikmah-haqiqatuha-fadluha-maratibuha-tatbiquha-ibrahim-ruhayli.html,Auteur non disponible,,les-occaz-de-l-entrepôt,"1,05 €"
324,https://www.sifatusafwa.com/fr/les-occaz-de-l-entrepôt/al-kafi-fi-an-nahwi-sayyid-al-khalfah.html,Auteur non disponible,,les-occaz-de-l-entrepôt,"12,25 €"
325,https://www.sifatusafwa.com/fr/les-occaz-de-l-entrepôt/al-khulasah-al-fiqhiyyah-ala-madhhab-al-malkiyyah-100-harakat.html,Auteur non disponible,,les-occaz-de-l-entrepôt,"23,99 €"
326,https://www.sifatusafwa.com/fr/les-occaz-de-l-entrepôt/al-qu-ran-al-karim-abad-hifh-fadail-ulum-qaas-cheikh-fawzan.html,Al-Fawzan,,les-occaz-de-l-entrepôt,"6,32 €"
327,https://www.sifatusafwa.com/fr/les-occaz-de-l-entrepôt/alors-qui-a-créé-llah-sami-amiri.html,Dr. Sami 'Amiri,,les-occaz-de-l-entrepôt,"6,44 €"
328,https://www.sifatusafwa.com/fr/les-occaz-de-l-entrepôt/aqidah-ahl-al-islam-fima-yajibu-li-al-imm-abdussalam-ibn-barjis.html,Ibn Barjas ,1425,les-occaz-de-l-entrepôt,"2,28 €"
329,https://www.sifatusafwa.com/fr/les-occaz-de-l-entrepôt/at-ta-liqat-alaal-fatawa-al-hamawiya-al-fawzan.html,Al-Fawzan,,les-occaz-de-l-entrepôt,"20,00 €"
330,https://www.sifatusafwa.com/fr/les-occaz-de-l-entrepôt/charh-ad-durrah-al-mdiyah-as-safariniyah-al-fawzan.html,Al-Fawzan,,les-occaz-de-l-entrepôt,"9,00 €"
331,https://www.sifatusafwa.com/fr/les-occaz-de-l-entrepôt/charh-at-taa-iyyah-poem-of-ibn-taymiyyal-jibrin.html,Ibn Jibrin ,1430,les-occaz-de-l-entrepôt,"6,40 €"
332,https://www.sifatusafwa.com/fr/les-occaz-de-l-entrepôt/charh-hadith-an-nuzul-i-shaykhul-islam-ibn-taymiyyah.html,Ibn Taymiya ,728,les-occaz-de-l-entrepôt,"18,85 €"
333,https://www.sifatusafwa.com/fr/les-occaz-de-l-entrepôt/charh-ikhtisar-ulum-al-adith-ibn-baz.html,Ibn Baz ,1420,les-occaz-de-l-entrepôt,"10,34 €"
334,https://www.sifatusafwa.com/fr/les-occaz-de-l-entrepôt/charh-kitab-at-thara-saleh-aal-cheikh.html,Salih Aal ach-Cheikh,,les-occaz-de-l-entrepôt,"16,80 €"
335,https://www.sifatusafwa.com/fr/les-occaz-de-l-entrepôt/charh-kitb-at-tawhid-taqi-ad-din-al-hilali.html,Taqi ad-Din al-Hilali ,1407,les-occaz-de-l-entrepôt,"24,43 €"
336,https://www.sifatusafwa.com/fr/les-occaz-de-l-entrepôt/chifaae-al-ilaal-fi-masail-al-qadaa-wal-qadar-ibn-qayyim-al-jawziyya.html,Ibn al-Qayyim ,751,les-occaz-de-l-entrepôt,"14,63 €"
337,https://www.sifatusafwa.com/fr/les-occaz-de-l-entrepôt/choumou-an-nahar-prouver-lexistence-d-allah-abdullah-al-ajiri.html,Auteur non disponible,,les-occaz-de-l-entrepôt,"6,44 €"
338,https://www.sifatusafwa.com/fr/les-occaz-de-l-entrepôt/dham-al-hawaale-blâme-des-passions-ibn-al-jawzi.html,Ibn al-Jawzi ,597,les-occaz-de-l-entrepôt,"9,10 €"
339,https://www.sifatusafwa.com/fr/les-occaz-de-l-entrepôt/diwan-al-mutanabbi-lesœuvres-complètes.html,Auteur non disponible,,les-occaz-de-l-entrepôt,"6,40 €"
340,https://www.sifatusafwa.com/fr/les-occaz-de-l-entrepôt/dourous-min-al-qouran-al-arim-was-sounnat-il-moutahharah-al-fawzan.html,Al-Fawzan,,les-occaz-de-l-entrepôt,"9,75 €"
341,https://www.sifatusafwa.com/fr/les-occaz-de-l-entrepôt/jam-u-ta-qibat-al-albani-ala-fat-al-bari-préfacé-wasiullah-abbas.html,Al-Albany ,1420,les-occaz-de-l-entrepôt,"18,84 €"
342,https://www.sifatusafwa.com/fr/les-occaz-de-l-entrepôt/kitab-kalilah-wa-dimnah-ibn-al-mqaffa.html,Auteur non disponible,,les-occaz-de-l-entrepôt,"6,75 €"
343,https://www.sifatusafwa.com/fr/les-occaz-de-l-entrepôt/les-causes-daugmentation-du-rizq-imam-as-souyouti.html,As-Suyuti ,911,les-occaz-de-l-entrepôt,"2,28 €"
344,https://www.sifatusafwa.com/fr/les-occaz-de-l-entrepôt/les-impératifs-à-savoir-pour-les-imms-et-prêcheurs-q-r.html,Auteur non disponible,,les-occaz-de-l-entrepôt,"2,20 €"
345,https://www.sifatusafwa.com/fr/les-occaz-de-l-entrepôt/majmou-maqalat-ach-cheikh-ahmad-cakir.html,Ahmad Shakir ,1377,les-occaz-de-l-entrepôt,"10,50 €"
346,https://www.sifatusafwa.com/fr/les-occaz-de-l-entrepôt/maqalat-kibar-al-kuttab-an-al-ira-ah-wa-al-kitab-dr-ali-al-imran.html,Ali al-'Imran,,les-occaz-de-l-entrepôt,"4,38 €"
347,https://www.sifatusafwa.com/fr/les-occaz-de-l-entrepôt/moukhtasar-al-qoudori-fil-fiqh-al-hanafi.html,Al-Quduri ,428,les-occaz-de-l-entrepôt,"10,80 €"
348,https://www.sifatusafwa.com/fr/les-occaz-de-l-entrepôt/moushaf-type-coran-de-mdine-petite-taille-couverture-flexible.html,Auteur non disponible,,les-occaz-de-l-entrepôt,"4,98 €"
349,https://www.sifatusafwa.com/fr/les-occaz-de-l-entrepôt/omar-ibn-al-khattab-ad-as-sattar-al-cheikh.html,Auteur non disponible,,les-occaz-de-l-entrepôt,"20,30 €"
350,https://www.sifatusafwa.com/fr/les-occaz-de-l-entrepôt/sifat-woudou-annabi-charh-hadith-uthman-abdul-aziz-at-tarifi.html,Abdulaziz at-Tarifi,,les-occaz-de-l-entrepôt,"8,80 €"
351,https://www.sifatusafwa.com/fr/les-occaz-de-l-entrepôt/tafsir-juz-amma-al-fatiha-cheik-al-uthaymin.html,Al-Uthaymin ,1421,les-occaz-de-l-entrepôt,"5,50 €"
352,https://www.sifatusafwa.com/fr/les-occaz-de-l-entrepôt/tathir-ul-i-tiqad-an-adraan-al-ilhaad-imam-as-san-ani.html,As-San'ani ,1182,les-occaz-de-l-entrepôt,"4,20 €"
353,https://www.sifatusafwa.com/fr/les-occaz-de-l-entrepôt/taysir-moutachabihat-al-qura-wa-ulumih-ali-fahmi-an-nouzhi.html,Auteur non disponible,,les-occaz-de-l-entrepôt,"22,32 €"
354,https://www.sifatusafwa.com/fr/les-occaz-de-l-entrepôt/taysir-mustalah-al-hdith-d-mahmoud-tahan.html,Auteur non disponible,,les-occaz-de-l-entrepôt,"8,00 €"
355,https://www.sifatusafwa.com/fr/littérature-arabe/at-tib-al-moulouki-abi-bakr-ar-razi-rhazes.html,Auteur non disponible,,littérature-arabe,"26,00 €"
356,https://www.sifatusafwa.com/fr/littérature-arabe/charh-al-mouallaqaat-al-achr-al-khatib-at-tabrizi.html,Auteur non disponible,,littérature-arabe,"20,00 €"
357,https://www.sifatusafwa.com/fr/littérature-arabe/la-théorie-de-la-pistache-de-fehd-al-ahmadi-développement-personnel.html,Auteur non disponible,,littérature-arabe,"22,90 €"
358,https://www.sifatusafwa.com/fr/littérature-arabe/le-pendule-parcours-de-guérison-des-troubles-obsessionnels-compulsifs.html,Auteur non disponible,,littérature-arabe,"16,90 €"
359,https://www.sifatusafwa.com/fr/littérature-arabe/tara-if-wa-moussamarat-mouhammad-al-bayoumi.html,Auteur non disponible,,littérature-arabe,"22,50 €"
360,https://www.sifatusafwa.com/fr/littérature-jeunesse/bonjour-à-tous-6-ans.html,Auteur non disponible,,littérature-jeunesse,"10,99 €"
361,https://www.sifatusafwa.com/fr/littérature-jeunesse/excuse-moi-6-ans.html,Auteur non disponible,,littérature-jeunesse,"10,99 €"
362,https://www.sifatusafwa.com/fr/littérature-jeunesse/histoires-de-jouets-3-à-5-ans.html,Auteur non disponible,,littérature-jeunesse,"3,99 €"
363,https://www.sifatusafwa.com/fr/littérature-jeunesse/la-condition-de-youssouf-sur-la-propreté-7-à-9-ans.html,Auteur non disponible,,littérature-jeunesse,"11,99 €"
364,https://www.sifatusafwa.com/fr/littérature-jeunesse/la-promesse-de-mon-grand-père-8-à-11-ans.html,Auteur non disponible,,littérature-jeunesse,"12,99 €"
365,https://www.sifatusafwa.com/fr/littérature-jeunesse/le-roi-de-la-jungle-cherche-un-conseiller-7-à-9-ans.html,Auteur non disponible,,littérature-jeunesse,"11,99 €"
366,https://www.sifatusafwa.com/fr/littérature-jeunesse/merci-pour-tout-6-ans.html,Auteur non disponible,,littérature-jeunesse,"10,99 €"
367,https://www.sifatusafwa.com/fr/littérature-jeunesse/nay-8-to-11-years-old.html,Auteur non disponible,,littérature-jeunesse,"12,99 €"
368,https://www.sifatusafwa.com/fr/littérature-jeunesse/nos-voisins-sont-curieux-8-to-11-years-old.html,Auteur non disponible,,littérature-jeunesse,"12,99 €"
369,https://www.sifatusafwa.com/fr/littérature-jeunesse/papa-et-maman-arrêtez-7-à-9-ans.html,Auteur non disponible,,littérature-jeunesse,"9,99 €"
370,https://www.sifatusafwa.com/fr/littérature-jeunesse/papi-et-son-journal-7-à-9-ans.html,Auteur non disponible,,littérature-jeunesse,"11,99 €"
371,https://www.sifatusafwa.com/fr/littérature-jeunesse/rima-et-sa-poupée-préférée-7-à-9-ans.html,Auteur non disponible,,littérature-jeunesse,"11,99 €"
372,https://www.sifatusafwa.com/fr/littérature-jeunesse/s-il-te-plait-6-ans.html,Auteur non disponible,,littérature-jeunesse,"10,99 €"
373,https://www.sifatusafwa.com/fr/littérature-jeunesse/zarif-le-gentil-ours-pâtissier-6-ans.html,Auteur non disponible,,littérature-jeunesse,"10,99 €"
374,https://www.sifatusafwa.com/fr/livres-de-contemporains-sur-le-minhaj/4-risalah-de-cheikh-abdel-muhsin-al-abbad-dans-la-aqidah.html,AbdelMuhsin al-'Abbad,,livres-de-contemporains-sur-le-minhaj,"10,00 €"
375,https://www.sifatusafwa.com/fr/livres-de-contemporains-sur-le-minhaj/al-husam-al-mahiq-li-kulli-mushrik-wa-munafiq-taqi-ad-din-al-hilali.html,Taqi ad-Din al-Hilali ,1407,livres-de-contemporains-sur-le-minhaj,"26,50 €"
376,https://www.sifatusafwa.com/fr/livres-de-contemporains-sur-le-minhaj/al-imam-bi-al-mala-ikah-la-foi-aux-anges-shaykh-saalih-al-fawzaan.html,Al-Fawzan,,livres-de-contemporains-sur-le-minhaj,"2,00 €"
377,https://www.sifatusafwa.com/fr/livres-de-contemporains-sur-le-minhaj/al-matalib-al-mufidah-fi-masa-il-al-aqidah-tariq-ibn-said-al-qahtani.html,Auteur non disponible,,livres-de-contemporains-sur-le-minhaj,"49,90 €"
378,https://www.sifatusafwa.com/fr/livres-de-contemporains-sur-le-minhaj/les-oussoul-relatifs-au-hukm-par-autre-que-la-révélation-d-allah.html,Auteur non disponible,,livres-de-contemporains-sur-le-minhaj,"4,50 €"
379,https://www.sifatusafwa.com/fr/livres-de-contemporains-sur-le-minhaj/tarikh-at-tadwin-fi-ousoul-ad-din-tariq-ibn-said-al-qahtani.html,Auteur non disponible,,livres-de-contemporains-sur-le-minhaj,"17,90 €"
380,https://www.sifatusafwa.com/fr/livres-de-contemporains-sur-le-minhaj/usul-taqiyyid-al-kitab-wa-as-sunnah-bi-fahm-as-salaf-as-salih.html,Auteur non disponible,,livres-de-contemporains-sur-le-minhaj,"3,00 €"
381,https://www.sifatusafwa.com/fr/livres-de-salaf-sur-la-sounnah/ar-rad-ala-al-jahmiyyah-imam-ibn-mandah-395h.html#/33-edition-édition_1,Ibn Mandah ,395,livres-de-salaf-sur-la-sounnah,"19,00 €"
382,https://www.sifatusafwa.com/fr/livres-de-salaf-sur-la-sounnah/ar-rad-ala-al-jahmiyyah-imam-ibn-mandah-395h.html#/34-edition-édition_2,Ibn Mandah ,395,livres-de-salaf-sur-la-sounnah,"19,00 €"
383,https://www.sifatusafwa.com/fr/livres-de-salaf-sur-la-sounnah/dham-al-kalam-wa-ahlihi-imam-abu-isma-il-al-harawi-481h.html,Abu Isma’il Al-Harawi ,481,livres-de-salaf-sur-la-sounnah,"169,00 €"
384,https://www.sifatusafwa.com/fr/livres-de-salaf-sur-la-sounnah/jami-i-tiqad-a-immah-as-salaf-recueil-de-35-matn-de-aqida.html,Auteur non disponible,,livres-de-salaf-sur-la-sounnah,"24,00 €"
385,https://www.sifatusafwa.com/fr/livres-de-salaf-sur-la-sounnah/kitab-sifat-rabb-al-alamin-ibn-muhhib-al-maqdissi-789h.html,Auteur non disponible,,livres-de-salaf-sur-la-sounnah,"159,00 €"
386,https://www.sifatusafwa.com/fr/livres-islamiques-grand-public/al-adillah-al-aqliyyah-an-naqliyah-ala-usul-al-itiqad-su-ud-arifi.html,Auteur non disponible,,livres-islamiques-grand-public,"22,90 €"
387,https://www.sifatusafwa.com/fr/livres-islamiques-grand-public/an-naqd-at-taymiyy-lil-mantiq-saoud-ibn-abdelaziz-al-arifi.html,Auteur non disponible,,livres-islamiques-grand-public,"22,90 €"
388,https://www.sifatusafwa.com/fr/livres-islamiques-grand-public/awwal-marrah-atabburu-al-qu-ran-adil-muhammad-khalil.html,Auteur non disponible,,livres-islamiques-grand-public,"14,90 €"
389,https://www.sifatusafwa.com/fr/livres-islamiques-grand-public/barahin-an-noubouwa-preuves-de-la-prophétie-sami-amiri.html,Dr. Sami 'Amiri,,livres-islamiques-grand-public,"24,90 €"
390,https://www.sifatusafwa.com/fr/livres-islamiques-grand-public/choumou-an-nahar-prouver-l-existence-d-allah-abdullah-al-ajiri.html,Auteur non disponible,,livres-islamiques-grand-public,"9,90 €"
391,https://www.sifatusafwa.com/fr/livres-islamiques-grand-public/dala-il-ar-rouboubiya-preuves-de-la-seigneurie-d-allah-mohammed-makki.html,Auteur non disponible,,livres-islamiques-grand-public,"15,00 €"
392,https://www.sifatusafwa.com/fr/livres-islamiques-grand-public/il-est-allah--innahu-allah-sherif-fawzi-sultan.html,Auteur non disponible,,livres-islamiques-grand-public,"34,90 €"
393,https://www.sifatusafwa.com/fr/livres-islamiques-grand-public/ila-adh-dhill-qawanin-li-al-hayah-de-ali-ibn-jabir-al-fifi.html,'Ali al-Fifi,,livres-islamiques-grand-public,"11,90 €"
394,https://www.sifatusafwa.com/fr/livres-islamiques-grand-public/la-aqidah-les-adorations-et-le-comportement-abul-hasan-an-nadwi.html,Abul-Hasan an-Nadwi ,1420,livres-islamiques-grand-public,"8,40 €"
395,https://www.sifatusafwa.com/fr/livres-islamiques-grand-public/la-fin-des-temps-nihayat-al-alam-muhammad-al-arifi.html,Auteur non disponible,,livres-islamiques-grand-public,"15,00 €"
396,https://www.sifatusafwa.com/fr/livres-islamiques-grand-public/la-laïcité-le-fléau-de-cette-époque-sami-amiri.html,Auteur non disponible,,livres-islamiques-grand-public,"15,90 €"
397,https://www.sifatusafwa.com/fr/livres-islamiques-grand-public/la-présence-historique-et-archéologique-des-prophètes-sami-amiri.html,Dr. Sami 'Amiri,,livres-islamiques-grand-public,"28,99 €"
398,https://www.sifatusafwa.com/fr/livres-islamiques-grand-public/le-coran-est-il-une-adaptation-des-récits-bibliques-sami-amiri.html,Dr. Sami 'Amiri,,livres-islamiques-grand-public,"26,99 €"
399,https://www.sifatusafwa.com/fr/livres-islamiques-grand-public/mafhoum-ahl-sounnah-wal-jamaah-de-adil-al-shamiri.html,Auteur non disponible,,livres-islamiques-grand-public,"18,90 €"
400,https://www.sifatusafwa.com/fr/livres-islamiques-grand-public/qanoun-at-ta-sis-al-aqadi-sultan-al-amairi.html,Auteur non disponible,,livres-islamiques-grand-public,"14,90 €"
401,https://www.sifatusafwa.com/fr/livres-islamiques-grand-public/qawa-id-fi-a-mal-al-qulub-règles-concernant-les-actes-du-cœur.html,Auteur non disponible,,livres-islamiques-grand-public,"11,90 €"
402,https://www.sifatusafwa.com/fr/livres-islamiques-grand-public/sabighat-se-protéger-des-doutes-et-fausses-idées-ahmed-as-sayyid.html,Auteur non disponible,,livres-islamiques-grand-public,"9,00 €"
403,https://www.sifatusafwa.com/fr/livres-islamiques-grand-public/sina-at-at-tafkir-al-aqadi-sultan-al-amairi.html,Auteur non disponible,,livres-islamiques-grand-public,"25,00 €"
404,https://www.sifatusafwa.com/fr/livres-islamiques-grand-public/tathbit-hijjiyyat-as-sunna-wa-naqd-usul-al-munkirin-ahmed-as-sayyid.html,Auteur non disponible,,livres-islamiques-grand-public,"9,00 €"
405,https://www.sifatusafwa.com/fr/livres-islamiques-grand-public/zoukhrouf-al-qawl-dr-abdallah-al-ajiri-dr-fahd-al-ajlan.html,Auteur non disponible,,livres-islamiques-grand-public,"12,90 €"
406,https://www.sifatusafwa.com/fr/livres-islamiques-pour-enfants/les-adhkar-pour-les-jeunes-version-fille.html,Auteur non disponible,,livres-islamiques-pour-enfants,"2,75 €"
407,https://www.sifatusafwa.com/fr/livres-islamiques-pour-enfants/tafsir-juz-amma-kalam-rabbi-pour-les-enfants-pack-de-5-livres.html,Auteur non disponible,,livres-islamiques-pour-enfants,"29,90 €"
408,https://www.sifatusafwa.com/fr/majmu-fatawa-wa-risala/al-jami-li-al-mouallafat-wa-ar-rassa-il-cheikh-abd-al-razzaq-al-badr.html,Abderrazzaq al-Badr,,majmu-fatawa-wa-risala,"399,00 €"
409,https://www.sifatusafwa.com/fr/majmu-fatawa-wa-risala/rasaail-al-aqidah-du-cheikh-hamad-al-ansari-recueil.html,Hammad al-Ansari ,1418,majmu-fatawa-wa-risala,"16,00 €"
410,https://www.sifatusafwa.com/fr/majmu-fatawa-wa-risala/rasaail-al-fiqhiyyah-du-cheikh-hamad-al-ansari-recueil.html,Hammad al-Ansari ,1418,majmu-fatawa-wa-risala,"16,00 €"
411,https://www.sifatusafwa.com/fr/majmu-fatawa-wa-risala/zad-min-ma-ad-recueil-de-khoutbah-dr-abdulaziz-al-harbi.html,Abdulaziz ibn 'Ali al-Harbi,,majmu-fatawa-wa-risala,"20,00 €"
412,https://www.sifatusafwa.com/fr/matn-de-hadith/100-hadith-a-memoriser-avec-harakat.html,Al-Bukhary ,256,matn-de-hadith,"1,00 €"
413,https://www.sifatusafwa.com/fr/matn-de-hadith/matn-nukhbah-al-fikar-fi-mustalah-ahl-al-athar-ibn-hajar-al-asqalani.html,Ibn Hajar al-Asqalani ,852,matn-de-hadith,"1,50 €"
414,https://www.sifatusafwa.com/fr/matn-de-langue-arabe/alfiat-al-athari-kifayah-al-ghoulam-fi-i-rab-al-kalam.html,As-Suyuti ,911,matn-de-langue-arabe,"5,00 €"
415,https://www.sifatusafwa.com/fr/matn-de-langue-arabe/alfiat-ibn-mou-ti-fi-an-nahwi-wa-as-sarfi-wa-al-khatti.html,Auteur non disponible,,matn-de-langue-arabe,"3,50 €"
416,https://www.sifatusafwa.com/fr/matn-de-langue-arabe/matn-al-ajrumiyyah-fi-an-nahu-spécial-annotations.html,Auteur non disponible,,matn-de-langue-arabe,"10,00 €"
417,https://www.sifatusafwa.com/fr/matn-de-langue-arabe/matn-qatr-an-nada-tahqiq-approfondi-et-spécial-annotations.html#/180-choisir-matn_seulement,Auteur non disponible,,matn-de-langue-arabe,"6,50 €"
418,https://www.sifatusafwa.com/fr/minhaj-et-sectes/al-jawab-al-fasih-lima-lafaqqahu-abd-al-masih-nou-man-al-alousi.html,Auteur non disponible,,minhaj-et-sectes,"149,00 €"
419,https://www.sifatusafwa.com/fr/minhaj-et-sectes/annotations-à-la-aqidah-ash-ariyyah-d-ibn-ashir-et-à-umm-al-barahin.html,Auteur non disponible,,minhaj-et-sectes,"7,00 €"
420,https://www.sifatusafwa.com/fr/minhaj-et-sectes/iqadh-lahimmah-li-ittiba-nabi-al-oummah-khalid-al-ajmi.html,Auteur non disponible,,minhaj-et-sectes,"13,50 €"
421,https://www.sifatusafwa.com/fr/mort-fin-des-temps-et-au-delà/al-jami-as-sahih-fi-al-fitan-wal-malahim-wa-achrat-as-sa-ah.html,Auteur non disponible,,mort-fin-des-temps-et-au-delà,"18,00 €"
422,https://www.sifatusafwa.com/fr/mort-fin-des-temps-et-au-delà/fiqh-al-fitan-cheikh-soulayman-ar-rouhayli.html,Suleyman ar-Ruhayli,,mort-fin-des-temps-et-au-delà,"3,90 €"
423,https://www.sifatusafwa.com/fr/mort-fin-des-temps-et-au-delà/mawqid-ahl-as-sounnah-min-tanzil-noussous-al-fitan-wa-ashrat-as-sa-ah.html,Auteur non disponible,,mort-fin-des-temps-et-au-delà,"25,00 €"
424,https://www.sifatusafwa.com/fr/moushaf-coran/coran-avec-règles-de-tajwid-hafs-superbe-couverture-argentée.html,Auteur non disponible,,moushaf-coran,"32,90 €"
425,https://www.sifatusafwa.com/fr/mémorisation-du-coran/comment-mémoriser-le-coran-en-dix-étapes-hasan-ahmed-hammam.html,Auteur non disponible,,mémorisation-du-coran,"5,00 €"
426,https://www.sifatusafwa.com/fr/mémorisation-du-coran/i-anah-at-talibin-ala-al-hifdh-wa-at-tamkin-fi-mutachabihat-al-quran.html,Auteur non disponible,,mémorisation-du-coran,"42,90 €"
427,https://www.sifatusafwa.com/fr/mémorisation-du-coran/moushaf-al-hifdh-al-mouyassar-warch.html,Auteur non disponible,,mémorisation-du-coran,"20,00 €"
428,https://www.sifatusafwa.com/fr/oussoul-al-fiqh/al-muntakhab-mina-al-mahsul-fi-usul-al-fiqh-fakhr-al-din-razi.html,Fakhr ad-Din ar-Razi ,606,oussoul-al-fiqh,"35,90 €"
429,https://www.sifatusafwa.com/fr/oussoul-al-fiqh/al-uqud-al-fiddiyah-sharh-mandhumah-al-qawa-id-al-fiqhiyyah-harakat.html,Auteur non disponible,,oussoul-al-fiqh,"13,50 €"
430,https://www.sifatusafwa.com/fr/oussoul-al-fiqh/alfiat-al-iraqi-fi-usul-al-fiqh-matn-minhaj-al-wusul-li-l-baydawi.html,Al-Hafidh al-'Iraqi ,806,oussoul-al-fiqh,"17,50 €"
431,https://www.sifatusafwa.com/fr/oussoul-al-fiqh/etude-de-jam-al-jawami-usul-al-fiqh-hasan-bukhari-amir-bahjat.html,Auteur non disponible,,oussoul-al-fiqh,"99,00 €"
432,https://www.sifatusafwa.com/fr/oussoul-al-fiqh/etude-et-explication-de-rawdah-al-nadhar-par-kamilah-al-kawari.html,Kamila Kuwari,,oussoul-al-fiqh,"39,00 €"
433,https://www.sifatusafwa.com/fr/oussoul-al-fiqh/les-maqasid-shariah-pour-al-allamah-abderrahman-as-sa-di.html,As-Sa'di ,1376,oussoul-al-fiqh,"25,00 €"
434,https://www.sifatusafwa.com/fr/oussoul-al-fiqh/luma-al-lawami-fi-tawdih-jam-al-jawami-ibn-raslan-ar-ramli-.html,Ibn Raslan ,844,oussoul-al-fiqh,"55,00 €"
435,https://www.sifatusafwa.com/fr/oussoul-al-fiqh/miftah-al-woussoul-ila-bina-al-fourou-ala-al-oussoul-at-talmisani.html,Mohamed Ferkous,,oussoul-al-fiqh,"30,00 €"
436,https://www.sifatusafwa.com/fr/oussoul-al-fiqh/oussoul-al-fiqh-ala-minhaj-ahl-as-sounnah-walid-al-sa-idan.html,Auteur non disponible,,oussoul-al-fiqh,"109,00 €"
437,https://www.sifatusafwa.com/fr/oussoul-al-fiqh/qawaid-usul-al-fiqh-majma-ul-ousoul-ibn-al-mabrid-fiqh-hanbali.html,Ibn al-Mabrid ,909,oussoul-al-fiqh,"17,90 €"
438,https://www.sifatusafwa.com/fr/oussoul-al-fiqh/taysir-al-wusul-ila-fahm-al-usul-min-ilm-al-usul-s-rouhayli.html,Suleyman ar-Ruhayli,,oussoul-al-fiqh,"34,90 €"
439,https://www.sifatusafwa.com/fr/papeterie/beau-stylo-bille-gravé-fin-et-raffiné-sifatusafwa.html,Auteur non disponible,,papeterie,"3,29 €"
440,https://www.sifatusafwa.com/fr/papeterie/calepin-à-spirale-éco-responsable-avec-stylo-à-bille-sifatusafwa.html,Auteur non disponible,,papeterie,"4,49 €"
441,https://www.sifatusafwa.com/fr/papeterie/carnet-a5-deluxe-flexible-couverture-souple-noir-avec-calligraphie-dorée.html,Auteur non disponible,,papeterie,"15,99 €"
442,https://www.sifatusafwa.com/fr/papeterie/carnet-de-note-a5-argent-avec-calligraphie-gravée-rabbi-zidni-ilma.html,Auteur non disponible,,papeterie,"16,99 €"
443,https://www.sifatusafwa.com/fr/papeterie/carnet-de-note-a5-noir-avec-calligraphie-dorée-rabbi-zidni-ilma.html,Auteur non disponible,,papeterie,"16,99 €"
444,https://www.sifatusafwa.com/fr/papeterie/carnet-de-note-a6-noir-avec-calligraphie-dorée-rabbi-zidni-ilma.html,Auteur non disponible,,papeterie,"9,99 €"
445,https://www.sifatusafwa.com/fr/papeterie/gobelet-de-voyage-thermique-en-bambou-450ml-avec-calligraphie-gravée-sifatusafwa.html,Auteur non disponible,,papeterie,"24,99 €"
446,https://www.sifatusafwa.com/fr/papeterie/luxueux-set-de-stylo-en-metal-cuir-bille-et-portemine-sifatusafwa.html,Auteur non disponible,,papeterie,"14,99 €"
447,https://www.sifatusafwa.com/fr/papeterie/porte-mines-noir-bic-matic-avec-calligraphie-dorée-sifatusafwa.html,Auteur non disponible,,papeterie,"1,99 €"
448,https://www.sifatusafwa.com/fr/papeterie/set-de-stylo-en-bambou-bille-et-portemine-sifatusafwa.html,Auteur non disponible,,papeterie,"6,49 €"
449,https://www.sifatusafwa.com/fr/papeterie/stylo-bille-métal-et-liège-dans-son-coffret-calligraphie-sifatusafwa-gravée.html,Auteur non disponible,,papeterie,"14,99 €"
450,https://www.sifatusafwa.com/fr/papeterie/stylo-bille-parker-gravé-dans-son-coffret-noirargent-calligraphie-sifatusafwa.html,Auteur non disponible,,papeterie,"16,99 €"
451,https://www.sifatusafwa.com/fr/papeterie/élégant-stylo-en-bois-avec-la-calligraphie-arabe-de-sifatusafwa.html,Auteur non disponible,,papeterie,"5,99 €"
452,https://www.sifatusafwa.com/fr/programmes-et-manuels-scolaires/pack-programme-d-arabe-collège-niveau-1-à-3-5ème-3ème-al-adwae.html,Auteur non disponible,,programmes-et-manuels-scolaires,"95,00 €"
453,https://www.sifatusafwa.com/fr/programmes-et-manuels-scolaires/programme-d-arabe-collège-niveau-1-5ème-al-adwae.html,Auteur non disponible,,programmes-et-manuels-scolaires,"35,00 €"
454,https://www.sifatusafwa.com/fr/programmes-et-manuels-scolaires/programme-d-arabe-collège-niveau-2-4ème-al-adwae.html,Auteur non disponible,,programmes-et-manuels-scolaires,"35,00 €"
455,https://www.sifatusafwa.com/fr/programmes-et-manuels-scolaires/programme-d-arabe-collège-niveau-3-3ème-al-adwae.html,Auteur non disponible,,programmes-et-manuels-scolaires,"35,00 €"
456,https://www.sifatusafwa.com/fr/programmes-et-manuels-scolaires/programme-d-arabe-lycée-niveau-1-seconde-al-adwae.html,Auteur non disponible,,programmes-et-manuels-scolaires,"45,00 €"
457,https://www.sifatusafwa.com/fr/programmes-et-manuels-scolaires/programme-d-arabe-lycée-niveau-1-à-3-2nde-terminale-al-adwae.html,Auteur non disponible,,programmes-et-manuels-scolaires,"110,00 €"
458,https://www.sifatusafwa.com/fr/programmes-et-manuels-scolaires/programme-d-arabe-lycée-niveau-2-première-al-adwae.html,Auteur non disponible,,programmes-et-manuels-scolaires,"45,00 €"
459,https://www.sifatusafwa.com/fr/programmes-et-manuels-scolaires/programme-d-arabe-lycée-niveau-3-terminale-al-adwae.html,Auteur non disponible,,programmes-et-manuels-scolaires,"35,00 €"
460,https://www.sifatusafwa.com/fr/programmes-et-manuels-scolaires/programme-d-arabe-primaire-collège-niveau-6-6ème-al-adwae.html,Auteur non disponible,,programmes-et-manuels-scolaires,"35,00 €"
461,https://www.sifatusafwa.com/fr/programmes-et-manuels-scolaires/programme-d-arabe-primaire-niveau-1-à-6-cp-6ème-al-adwae.html,Auteur non disponible,,programmes-et-manuels-scolaires,"185,00 €"
462,https://www.sifatusafwa.com/fr/programmes-et-manuels-scolaires/programme-d-arabe-école-primaire-niveau-1-cp-al-adwae.html,Auteur non disponible,,programmes-et-manuels-scolaires,"35,00 €"
463,https://www.sifatusafwa.com/fr/programmes-et-manuels-scolaires/programme-d-arabe-école-primaire-niveau-2-ce1-al-adwae.html,Auteur non disponible,,programmes-et-manuels-scolaires,"35,00 €"
464,https://www.sifatusafwa.com/fr/programmes-et-manuels-scolaires/programme-d-arabe-école-primaire-niveau-3-ce2-al-adwae.html,Auteur non disponible,,programmes-et-manuels-scolaires,"35,00 €"
465,https://www.sifatusafwa.com/fr/programmes-et-manuels-scolaires/programme-d-arabe-école-primaire-niveau-4-cm1-al-adwae.html,Auteur non disponible,,programmes-et-manuels-scolaires,"35,00 €"
466,https://www.sifatusafwa.com/fr/programmes-et-manuels-scolaires/programme-d-arabe-école-primaire-niveau-5-cm2-al-adwae.html,Auteur non disponible,,programmes-et-manuels-scolaires,"35,00 €"
467,https://www.sifatusafwa.com/fr/ramadan-siyam-et-aid/al-ahkam-al-muta-alliqah-bi-al-hilal-cheikh-salih-al-luhaydan.html,Al-Luhaydan,,ramadan-siyam-et-aid,"4,20 €"
468,https://www.sifatusafwa.com/fr/ramadan-siyam-et-aid/siyam-as-salihin-moussa-omar-at-tariqi.html,Auteur non disponible,,ramadan-siyam-et-aid,"12,50 €"
469,https://www.sifatusafwa.com/fr/ramadan-siyam-et-aid/tashih-hadith-iftar-as-sa-im-qabl-sifarihi-ba-d-al-fajr-al-albani.html,Al-Albany ,1420,ramadan-siyam-et-aid,"2,50 €"
470,https://www.sifatusafwa.com/fr/rappels-et-autres-sujets/-ouyoun-al-akhbar-de-l-imam-ibn-qoutaybah-4-larges-volumes.html,Ibn Qutaybah ,276,rappels-et-autres-sujets,"99,00 €"
471,https://www.sifatusafwa.com/fr/rappels-et-autres-sujets/40-majalis-fi-souhbah-al-habib-ﷺ-sirah-akhlaq-chamail.html,Auteur non disponible,,rappels-et-autres-sujets,"2,00 €"
472,https://www.sifatusafwa.com/fr/rappels-et-autres-sujets/charh-al-mandhouma-al-mimiya-hafidh-hakami-abdelkarim-al-khoudayr.html,AbdelKarim al-Khudayr,,rappels-et-autres-sujets,"18,00 €"
473,https://www.sifatusafwa.com/fr/rappels-et-autres-sujets/charh-mandhumah-fi-alamat-sihhat-al-qalb-cheikh-abderrazzaq-al-badr.html,Abderrazzaq al-Badr,,rappels-et-autres-sujets,"4,50 €"
474,https://www.sifatusafwa.com/fr/rappels-et-autres-sujets/conseils-et-avertissements-d-abdallah-ibn-al-moubarak-297h.html,Auteur non disponible,,rappels-et-autres-sujets,"5,00 €"
475,https://www.sifatusafwa.com/fr/rappels-et-autres-sujets/conseils-et-avertissements-d-abdelqadir-al-jilani-561h.html,Auteur non disponible,,rappels-et-autres-sujets,"6,50 €"
476,https://www.sifatusafwa.com/fr/rappels-et-autres-sujets/conseils-et-avertissements-d-abi-sulayman-ad-darani-205h.html,Auteur non disponible,,rappels-et-autres-sujets,"4,50 €"
477,https://www.sifatusafwa.com/fr/rappels-et-autres-sujets/conseils-et-avertissements-d-al-harith-al-muhasibi-243h.html,Auteur non disponible,,rappels-et-autres-sujets,"6,50 €"
478,https://www.sifatusafwa.com/fr/rappels-et-autres-sujets/conseils-et-avertissements-d-omar-ibn-abdelaziz-101h.html,Auteur non disponible,,rappels-et-autres-sujets,"6,50 €"
479,https://www.sifatusafwa.com/fr/rappels-et-autres-sujets/conseils-et-avertissements-de-l-ahmad-ibn-hanbal-241h.html,Auteur non disponible,,rappels-et-autres-sujets,"5,00 €"
480,https://www.sifatusafwa.com/fr/rappels-et-autres-sujets/conseils-et-avertissements-de-l-imam-al-awza-i-157h.html,Auteur non disponible,,rappels-et-autres-sujets,"4,00 €"
481,https://www.sifatusafwa.com/fr/rappels-et-autres-sujets/conseils-et-avertissements-de-l-imam-al-jounayd-297h.html,Auteur non disponible,,rappels-et-autres-sujets,"4,00 €"
482,https://www.sifatusafwa.com/fr/rappels-et-autres-sujets/conseils-et-avertissements-de-l-imam-ibn-al-jawzi-597h.html,Auteur non disponible,,rappels-et-autres-sujets,"6,00 €"
483,https://www.sifatusafwa.com/fr/rappels-et-autres-sujets/conseils-et-avertissements-de-l-imam-zayn-al-abidin-94h.html,Auteur non disponible,,rappels-et-autres-sujets,"4,00 €"
484,https://www.sifatusafwa.com/fr/rappels-et-autres-sujets/conseils-et-avertissements-de-soufian-ath-thawri-161h.html,Auteur non disponible,,rappels-et-autres-sujets,"6,50 €"
485,https://www.sifatusafwa.com/fr/rappels-et-autres-sujets/dourar-fakhirah-fi-ta-liq-ala-mandhoumah-siyar-ila-allah-al-sa-di.html,As-Sa'di ,1376,rappels-et-autres-sujets,"2,50 €"
486,https://www.sifatusafwa.com/fr/rappels-et-autres-sujets/fadl-salat-ala-khatim-al-anbiya-ibn-qayyim-al-jawziyyah.html,Ibn al-Qayyim ,751,rappels-et-autres-sujets,"13,00 €"
487,https://www.sifatusafwa.com/fr/rappels-et-autres-sujets/hadi-mouhammad-ﷺ-rasoul-allah-30-exemples-pris-de-sa-vie.html,Auteur non disponible,,rappels-et-autres-sujets,"2,00 €"
488,https://www.sifatusafwa.com/fr/rappels-et-autres-sujets/les-hadiths-rapportés-sur-les-meilleurs-de-gens-ahsan-an-nass.html,Auteur non disponible,,rappels-et-autres-sujets,"4,00 €"
489,https://www.sifatusafwa.com/fr/rappels-et-autres-sujets/les-hadiths-sur-l-interdiction-de-la-colère-2-risalah.html,Auteur non disponible,,rappels-et-autres-sujets,"8,00 €"
490,https://www.sifatusafwa.com/fr/rappels-et-autres-sujets/majalis-adh-dhikr-wa-ad-da-wah-ila-allah-cheikh-salih-al-luhaydan.html,Al-Luhaydan,,rappels-et-autres-sujets,"30,00 €"
491,https://www.sifatusafwa.com/fr/rappels-et-autres-sujets/min-hadi-as-salaf-fi-talab-al-ilm-muhammad-az-zahrani.html,Auteur non disponible,,rappels-et-autres-sujets,"5,00 €"
492,https://www.sifatusafwa.com/fr/rappels-et-autres-sujets/pack-de-4-livrets-sur-l-amelioration-de-vie-sa-foi-son-coeur-et-ses-oeuvres-et.html,Auteur non disponible,,rappels-et-autres-sujets,"4,99 €"
493,https://www.sifatusafwa.com/fr/rappels-et-autres-sujets/pack-de-4-livrets-sur-les-5-adorations-du-coeur-ikhlass-tawakkul-khawf.html,Auteur non disponible,,rappels-et-autres-sujets,"4,99 €"
494,https://www.sifatusafwa.com/fr/rappels-et-autres-sujets/sou-oud-al-aqwal-wa-raf-al-amal-abdullah-siraj-ad-din-al-husseini.html,Auteur non disponible,,rappels-et-autres-sujets,"16,50 €"
495,https://www.sifatusafwa.com/fr/recueil-thématiques-et-divers/40-hadith-que-le-prophète-nous-à-enjoint-d-apprendre-imam-al-ajourri.html,Al-Ajurry ,360,recueil-thématiques-et-divers,"6,00 €"
496,https://www.sifatusafwa.com/fr/recueil-thématiques-et-divers/al-i-lam-bi-ahadith-al-ahkam-ibn-jama-ah-733h.html,Auteur non disponible,,recueil-thématiques-et-divers,"19,00 €"
497,https://www.sifatusafwa.com/fr/recueil-thématiques-et-divers/fath-al-ghaffar-al-jami-li-ahkam-sunnah-nabbiyuna-al-mukhtar.html,Auteur non disponible,,recueil-thématiques-et-divers,"89,00 €"
498,https://www.sifatusafwa.com/fr/recueil-thématiques-et-divers/hadiths-rapportés-sur-les-raisons-du-chatiment-ou-bonheur-de-la-tombe.html,Auteur non disponible,,recueil-thématiques-et-divers,"19,00 €"
499,https://www.sifatusafwa.com/fr/recueil-thématiques-et-divers/kitab-al-athar-abou-youssouf-ya-qoub-ibn-ibrahim-al-ansari-182h.html,Auteur non disponible,,recueil-thématiques-et-divers,"30,00 €"
500,https://www.sifatusafwa.com/fr/recueil-thématiques-et-divers/misbah-as-sahah-jam-bayna-sahih-bukhari-wa-muslim-ibn-al-barzi.html,Auteur non disponible,,recueil-thématiques-et-divers,"39,00 €"
501,https://www.sifatusafwa.com/fr/recueil-thématiques-et-divers/mousnad-al-imam-abdallah-ibn-al-moubarak.html,Ibn al-Mubarak ,181,recueil-thématiques-et-divers,"18,00 €"
502,https://www.sifatusafwa.com/fr/recueil-thématiques-et-divers/mousnad-al-imam-al-adhim-abi-hanifah-abou-nou-aym-al-asbahani.html#/33-edition-édition_1,Abu Nu'aym al-Asbahani ,430,recueil-thématiques-et-divers,"22,50 €"
503,https://www.sifatusafwa.com/fr/recueil-thématiques-et-divers/mousnad-al-imam-al-adhim-abi-hanifah-abou-nou-aym-al-asbahani.html#/34-edition-édition_2,Abu Nu'aym al-Asbahani ,430,recueil-thématiques-et-divers,"22,50 €"
504,https://www.sifatusafwa.com/fr/recueil-thématiques-et-divers/mukhtasar-sahih-al-bukhari-by-shaykh-sa-d-ash-shathry.html,Sa'd ach-Chathry,,recueil-thématiques-et-divers,"32,90 €"
505,https://www.sifatusafwa.com/fr/recueils-classiques-de-hadith/jami-al-mousnad-as-sahih-sahih-al-boukhari-en-5-volumes.html,Al-Bukhary ,256,recueils-classiques-de-hadith,"149,00 €"
506,https://www.sifatusafwa.com/fr/recueils-classiques-de-hadith/moukhtasar-sahih-al-boukhari-de-cheikh-al-albani-grand-format.html,Al-Albany ,1420,recueils-classiques-de-hadith,"24,00 €"
507,https://www.sifatusafwa.com/fr/recueils-classiques-de-hadith/moukhtasar-sahih-mouslim-tahqiq-al-albani-grand-format.html,Al-Mundhiri ,656,recueils-classiques-de-hadith,"24,00 €"
508,https://www.sifatusafwa.com/fr/recueils-classiques-de-hadith/pack-des-6-recueils-de-hadith-bukhari-muslim-abu-dawud-tirmidhi-nasa-i-ibn-majah.html,Al-Bukhary ,256,recueils-classiques-de-hadith,"219,00 €"
509,https://www.sifatusafwa.com/fr/recueils-classiques-de-hadith/silsilah-al-ahadith-ad-da-ifah-de-cheikh-al-albani-20-volumes.html,Al-Albany ,1420,recueils-classiques-de-hadith,"469,00 €"
510,https://www.sifatusafwa.com/fr/règles-du-tajwid/charh-tuhfat-al-atfal-wal-ghilman-fi-tajwid-al-qur-an-ahmad-jadallah.html,Auteur non disponible,,règles-du-tajwid,"4,40 €"
511,https://www.sifatusafwa.com/fr/règles-du-tajwid/taqrib-al-manhaji-li-t-tajwid-dr-ahmad-choukri-dr-adil-abu-cha-r.html,Auteur non disponible,,règles-du-tajwid,"18,00 €"
512,https://www.sifatusafwa.com/fr/récits/les-histoires-du-coran-selon-le-cheikh-as-sa-di.html,As-Sa'di ,1376,récits,"22,50 €"
513,https://www.sifatusafwa.com/fr/sciences-du-hadith-moustalah/120-q-r-sur-le-science-du-hadith-hafidh-hakami.html,Hafidh Hakami ,1377,sciences-du-hadith-moustalah,"5,50 €"
514,https://www.sifatusafwa.com/fr/sciences-du-hadith-moustalah/2-muqaddimah-dans-la-science-du-hadith-ibn-al-athir-ibn-mulaqqin.html,Ibn Mulaqqin ,804,sciences-du-hadith-moustalah,"18,00 €"
515,https://www.sifatusafwa.com/fr/sciences-du-hadith-moustalah/6-rasail-fi-ilm-al-hadith-by-imam-an-nasa-i-and-al-khatib-al-baghdadi.html,Auteur non disponible,,sciences-du-hadith-moustalah,"9,00 €"
516,https://www.sifatusafwa.com/fr/sciences-du-hadith-moustalah/al-mouhaddith-al-fassil-bayna-ar-rawi-wa-al-wa-iy-ar-ramahurmuzi-360h.html#/34-edition-édition_2,Auteur non disponible,,sciences-du-hadith-moustalah,"69,80 €"
517,https://www.sifatusafwa.com/fr/sciences-du-hadith-moustalah/at-taqyid-wal-idah-explication-du-kitab-ibn-as-salah-par-al-iraqi.html,Al-Hafidh al-'Iraqi ,806,sciences-du-hadith-moustalah,"52,90 €"
518,https://www.sifatusafwa.com/fr/sciences-du-hadith-moustalah/charh-al-mandhumah-al-bayquniyah-abu-malik-ar-rayachi-100-harakat.html,Auteur non disponible,,sciences-du-hadith-moustalah,"9,50 €"
519,https://www.sifatusafwa.com/fr/sciences-du-hadith-moustalah/manhaj-al-allamah-al-muhaddith-al-albani-fi-ta-lil-al-hadith.html,Auteur non disponible,,sciences-du-hadith-moustalah,"24,00 €"
520,https://www.sifatusafwa.com/fr/sciences-du-hadith-moustalah/muqaddimah-al-jarh-wa-at-ta-dil-imam-ibn-abi-hatim-ar-razi-327h.html,Ibn Abi Hatim ,327,sciences-du-hadith-moustalah,"29,00 €"
521,https://www.sifatusafwa.com/fr/sciences-du-hadith-moustalah/ouloum-al-hadith-muqaddimah-ibn-salah-avec-annotations-d-al-iraqi.html,Auteur non disponible,,sciences-du-hadith-moustalah,"16,00 €"
522,https://www.sifatusafwa.com/fr/sciences-du-hadith-moustalah/tadwin-as-sunnah-an-nabawiyyah-sayyid-abd-al-majid-al-ghuri.html,Auteur non disponible,,sciences-du-hadith-moustalah,"15,00 €"
523,https://www.sifatusafwa.com/fr/sciences-du-hadith-moustalah/tahrir-ouloum-al-hadith-abdallah-ibn-yousouf-al-jouday-.html,Auteur non disponible,,sciences-du-hadith-moustalah,"38,00 €"
524,https://www.sifatusafwa.com/fr/sciences-du-tafsir/tafsir-as-salaf-tarikhuhu-wa-a-lamuhu-wa-masadiruhu.html,Auteur non disponible,,sciences-du-tafsir,"24,00 €"
525,https://www.sifatusafwa.com/fr/sectes-et-innovations/aqida-al-acha-ira-réfutation-de-jawahir-at-tawhid-hassan-ruday-an.html,Auteur non disponible,,sectes-et-innovations,"25,50 €"
526,https://www.sifatusafwa.com/fr/sectes-et-innovations/fath-al-manan-fi-dirasah-al-firaq-wa-al-adyan-tariq-said-al-qahtani.html,Auteur non disponible,,sectes-et-innovations,"16,00 €"
527,https://www.sifatusafwa.com/fr/sectes-et-innovations/jouhoud-cheikh-al-islam-ibn-taymiyyah-fi-bab-al-asma-wa-as-sifat.html,Auteur non disponible,,sectes-et-innovations,"34,90 €"
528,https://www.sifatusafwa.com/fr/sectes-et-innovations/jouhoud-cheikh-al-islam-ibn-taymiyyah-fi-naqd-istidlalat-ahl-al-ahwae.html,Auteur non disponible,,sectes-et-innovations,"62,90 €"
529,https://www.sifatusafwa.com/fr/sectes-et-innovations/le-cadeau-de-la-guidée-à-la-secte-tijaniyyah-taqi-ad-din-al-hilali.html,Taqi ad-Din al-Hilali ,1407,sectes-et-innovations,"36,90 €"
530,https://www.sifatusafwa.com/fr/sectes-et-innovations/qissatu-al-acha-irah-recherche-historique-et-théologique.html,Auteur non disponible,,sectes-et-innovations,"32,90 €"
531,https://www.sifatusafwa.com/fr/sectes-et-innovations/tuhfah-al-arib-réfutation-aux-arguments-chrétiens-par-un-pretre-converti.html,Auteur non disponible,,sectes-et-innovations,"16,50 €"
532,https://www.sifatusafwa.com/fr/special-femmes/da-wah-an-nabi-li-an-nisaae-dr-juwayrah-al-imrani.html,Auteur non disponible,,special-femmes,"22,00 €"
533,https://www.sifatusafwa.com/fr/special-femmes/une-femme-remercie-l-islam-dr-muhammad-as-sayid.html,Auteur non disponible,,special-femmes,"16,90 €"
534,https://www.sifatusafwa.com/fr/tafsir-complet/al-kashshaf-an-haqaiq-at-tanzil-al-zamakhshari.html,Auteur non disponible,,tafsir-complet,"349,00 €"
535,https://www.sifatusafwa.com/fr/tafsir-complet/al-khoulasah-min-tafsir-at-tabari-1200-pages-aqil-al-chamri.html,Ibn Jarir at-Tabari ,310,tafsir-complet,"44,90 €"
536,https://www.sifatusafwa.com/fr/tafsir-complet/al-moukhtasar-fi-tafsir-al-quran-al-karim.html#/42-edition-grand_format,Auteur non disponible,,tafsir-complet,"16,00 €"
537,https://www.sifatusafwa.com/fr/tafsir-complet/al-qu-rantaddabur-wa-amal-très-grand-format-a4.html#/159-edition-très_grand_format,Auteur non disponible,,tafsir-complet,"20,00 €"
538,https://www.sifatusafwa.com/fr/tafsir-complet/al-qu-rantaddabur-wa-amal-très-grand-format-a4.html#/42-edition-grand_format,Auteur non disponible,,tafsir-complet,"20,00 €"
539,https://www.sifatusafwa.com/fr/tafsir-complet/al-wajiz-fi-tafsir-al-kitab-al-aziz-imam-al-wahidi-468h.html,Al-Wahidi ,468,tafsir-complet,"49,90 €"
540,https://www.sifatusafwa.com/fr/tafsir-complet/al-yasir-fi-ikhtisar-tafsir-ibn-kathir-2-larges-volumes-2000-pages.html,Ibn Kathir ,774,tafsir-complet,"59,00 €"
541,https://www.sifatusafwa.com/fr/tafsir-complet/at-tafsir-al-moujaz-maa-dourous-minal-quran-muhammad-ibn-muta-in-al-qurashi.html,Auteur non disponible,,tafsir-complet,"62,90 €"
542,https://www.sifatusafwa.com/fr/tafsir-complet/hachiyat-as-sawy-ala-tafsir-al-jalalayn-sheikh-ahmed-as-sawi.html,Auteur non disponible,,tafsir-complet,"65,00 €"
543,https://www.sifatusafwa.com/fr/tafsir-complet/muhtawayat-suwar-al-quran-ahmed-al-tawil.html,Auteur non disponible,,tafsir-complet,"25,00 €"
544,https://www.sifatusafwa.com/fr/tafsir-complet/tafsir-al-qur-an-al-karim-wa-i-rabihi-wa-bayanihi-10-volumes.html,Auteur non disponible,,tafsir-complet,"219,00 €"
545,https://www.sifatusafwa.com/fr/tafsir-complet/tafsir-as-sa-di-taysir-al-karim-ar-rahman-grand-format-et-annotations.html,As-Sa'di ,1376,tafsir-complet,"79,00 €"
546,https://www.sifatusafwa.com/fr/tafsir-partiel-ou-choisi/1000-méditations-et-bénéfices-tirés-du-tafsir-d-ibn-al-qayyim.html,As-Sa'di ,1376,tafsir-partiel-ou-choisi,"25,00 €"
547,https://www.sifatusafwa.com/fr/tafsir-partiel-ou-choisi/min-ahkam-al-quran-tafsir-al-fawzan-aal-imran-an-nisaa.html,Al-Fawzan,,tafsir-partiel-ou-choisi,"52,90 €"
548,https://www.sifatusafwa.com/fr/tafsir-partiel-ou-choisi/sabil-ar-rachad-fi-hady-khayri-al-ibaad-taqi-ad-din-al-hilali.html,Taqi ad-Din al-Hilali ,1407,tafsir-partiel-ou-choisi,"100,00 €"
549,https://www.sifatusafwa.com/fr/tafsir-partiel-ou-choisi/tafsir-jouz-amma-par-le-shaykh-salih-al-fawzan-harakat.html,Al-Fawzan,,tafsir-partiel-ou-choisi,"18,00 €"
550,https://www.sifatusafwa.com/fr/tafsir-partiel-ou-choisi/tafsir-juz-adh-dhariyyat-shaykh-abderrahman-al-barrak.html,Al-Barrak,,tafsir-partiel-ou-choisi,"20,00 €"
551,https://www.sifatusafwa.com/fr/tafsir-partiel-ou-choisi/tafsir-juz-qad-sama-shaykh-abderrahman-al-barrak.html,Al-Barrak,,tafsir-partiel-ou-choisi,"20,00 €"
552,https://www.sifatusafwa.com/fr/tafsir-partiel-ou-choisi/tafsir-sourate-al-falaq-de-l-imam-muhammad-ibn-abdelwahhab.html,Muhammad ibn AbdelWahhab ,1206,tafsir-partiel-ou-choisi,"2,25 €"
553,https://www.sifatusafwa.com/fr/tafsir-partiel-ou-choisi/tafsir-sourate-al-fatiha-durar-as-sanniyah.html,Auteur non disponible,,tafsir-partiel-ou-choisi,"5,50 €"
554,https://www.sifatusafwa.com/fr/tafsir-partiel-ou-choisi/tafsir-sourate-an-nass-de-l-imam-muhammad-ibn-abdelwahhab.html,Muhammad ibn AbdelWahhab ,1206,tafsir-partiel-ou-choisi,"2,50 €"
555,https://www.sifatusafwa.com/fr/tafsir-sciences-du-coran/at-talkhis-fi-tafsir-al-quran-al-aziz-tafsir-al-kawachi.html,Auteur non disponible,,tafsir-sciences-du-coran,"85,00 €"
556,https://www.sifatusafwa.com/fr/tafsir-sciences-du-coran/etude-contextuelle-des-versets-dans-la-aqida-selon-ibn-taymiyyah.html,Auteur non disponible,,tafsir-sciences-du-coran,"25,00 €"
557,https://www.sifatusafwa.com/fr/tafsir-sciences-du-coran/l-amour-houbb-dans-le-noble-coran-abdus-sattar-al-marsoumi.html,Auteur non disponible,,tafsir-sciences-du-coran,"12,90 €"
558,https://www.sifatusafwa.com/fr/tafsir-sciences-du-coran/la-joie-dans-le-coran-abdullah-al-balawi.html,Auteur non disponible,,tafsir-sciences-du-coran,"15,90 €"
559,https://www.sifatusafwa.com/fr/tafsir-sciences-du-coran/moukhtasar-tafsir-as-sa-di-avec-le-coran-en-warsh.html,As-Sa'di ,1376,tafsir-sciences-du-coran,"20,00 €"
560,https://www.sifatusafwa.com/fr/tafsir-sciences-du-coran/taysir-al-bayan-li-ahkam-al-quran-ibn-nur-ad-din-al-muzi-i-825h.html,Auteur non disponible,,tafsir-sciences-du-coran,"32,00 €"
561,https://www.sifatusafwa.com/fr/tafsir-sciences-du-coran/youssoufiyat-de-ali-ibn-jabit-al-fifi.html,'Ali al-Fifi,,tafsir-sciences-du-coran,"12,90 €"
562,https://www.sifatusafwa.com/fr/tahara-wa-salat/al-fasl-bayna-an-nafs-wa-al-aql-abdul-aziz-at-tarifi.html,Abdulaziz at-Tarifi,,tahara-wa-salat,"12,50 €"
563,https://www.sifatusafwa.com/fr/tahara-wa-salat/al-wajiz-fi-dhikr-sifat-rabbana-al-qawwi-al-aziz-mahir-muqaddam.html,Al-Fawzan,,tahara-wa-salat,"9,90 €"
564,https://www.sifatusafwa.com/fr/tahara-wa-salat/charh-kitab-adab-al-machi-ila-as-salat-ibn-abdelwahhab-al-fawzan.html,Al-Fawzan,,tahara-wa-salat,"25,00 €"
565,https://www.sifatusafwa.com/fr/tahara-wa-salat/qiyam-al-layl-de-l-imam-ibn-al-jawzi.html,Ibn al-Jawzi ,597,tahara-wa-salat,"22,50 €"
566,https://www.sifatusafwa.com/fr/tahara-wa-salat/sifat-as-salat-abdelkarim-al-khoudayr.html,AbdelKarim al-Khudayr,,tahara-wa-salat,"22,50 €"
567,https://www.sifatusafwa.com/fr/tahara-wa-salat/sifat-woudou-an-nabi-charh-hadith-uthman-abdul-aziz-at-tarifi.html,Abdulaziz at-Tarifi,,tahara-wa-salat,"16,00 €"
568,https://www.sifatusafwa.com/fr/tahara-wa-salat/ta-liqat-ala-kitab-sifat-as-salat-ibn-taymiyya-al-fawzan.html,Al-Fawzan,,tahara-wa-salat,"18,50 €"
569,https://www.sifatusafwa.com/fr/thèses-et-recherches-universitaires/taqrirat-al-aimmah-al-arba-a-li-aqidah-ahl-as-sounnah-2-volumes.html,Auteur non disponible,,thèses-et-recherches-universitaires,"69,90 €"
570,https://www.sifatusafwa.com/fr/tout-le-catalogue/silsilah-ad-dhahab-shafii-an-malik-an-nafi-an-umar-ibn-hajar.html,Ibn Hajar al-Asqalani ,852,tout-le-catalogue,"19,90 €"
571,https://www.sifatusafwa.com/fr/traité-de-aqida/al-iqtisad-fi-al-i-tiqad-by-abdulghani-ibn-qudamah-al-maqdisi.html,Abd al-Ghani al-Maqdisi ,600,traité-de-aqida,"5,50 €"
572,https://www.sifatusafwa.com/fr/traité-de-aqida/ar-risalah-fi-al-i-tiqad-lum-at-al-i-tiqad-ibn-qudamah-al-maqdissi.html,Ibn Qudamah al-Maqdissi ,620,traité-de-aqida,"20,00 €"
