,prix,auteur,dates,domaines,description,lien
0,"16,90 €",Auteur non disponible,,al-ilm-wa-talab-al-ilm,"Livre très utile et important pour l’Etudiant : Les définitions des termes juridiques au sein des différents Madhhab, ainsi que les abréviations ou surnom utilisés par chacun des Madhahib (exemple : cheikh al islam peut renvoyer à des imams différents selon les madhahib).
Une excellente recherche que nous vous recommandons, car connaitre les termes spécifiques est une clé pour pouvoir lire les livres et les comprendre.
",https://www.sifatusafwa.com/fr/al-ilm-wa-talab-al-ilm/moustalahat-al-madhahib-al-fiqhiyah.html
1,"32,90 €",Auteur non disponible,,aqida-croyance,"Excellente recherche universitaire qui rapporte les paroles des savants issus du Madhhab Maliki dans la confirmation de la Aqida saine de Ahl as-Sounnah wa al-Jama’ah.
Ce gros volume est composé d’une introduction importante et bénéfique sur la Aqida des gens de la Sounnah et son histoire, ainsi que certaines des mouvements idéologiques contredisant Ahl as-Sounnah dans leurs fondements.
Ensuite l’auteur de la recherche rassemble un grand nombre de Fatawa de savants Malikites autour de 4 grands chapitres : Le Tawhid et al-Iman, La Prophétie, les Livres et les Anges, Le jour dernier et enfin la réfutation aux gens de l’innovation.
Très belle édition saoudienne, toutes les citations et les hadiths sont référencées en bas de page.
",https://www.sifatusafwa.com/fr/aqida-croyance/fatawa-ulema-al-malikiyah-fi-taqrir-aqidah-ahl-as-sounnah.html
2,"21,00 €",Auteur non disponible,,aqida-croyance,"Très bonne recherche universitaire qui rapporte les paroles des savants issus du Madhhab Maliki dans le Tawhid al-Oulouhiyyah, dans la ‘Ibadah et enfin sur le Chirk.Le livre est bien construit, tout en expliquant les concepts de Tawhid et d’unicité dans l’adoration ainsi que son contraire qui est le Chirk et ses différentes formes, l’auteur cite de nombreuses paroles de savants Maliki qui confirme la Aqida saine de Ahl as-Sounnah concernant le Tawhid al-’Ibadah (ou le Tawhid al-Uluhiyyah).Très belle édition saoudienne, toutes les citations et les hadiths sont référencées en bas de page.
",https://www.sifatusafwa.com/fr/aqida-croyance/jouhoud-al-malikiyah-fi-taqrir-tawhid-al-ibadah.html
3,"4,50 €",Auteur non disponible,,biographies,"La Biographie de l'Imam de Dar al-Hijrah, l'Imam Malik, rahimahullah. Écrite par le Cheikh Ahmad Taha Rayan, Cheikh et Enseignant Malikite à la mosquée d'Al-Azhar, cette biographie est bien construite et expose les nombreux aspects de sa vie, de ses qualités, de son parcours religieux, de sa place et des fondements de son Fiqh.
",https://www.sifatusafwa.com/fr/biographies/malamih-min-hayat-al-imam-malik-ahmad-taha-rayan.html
4,"15,00 €",Imam Malik ,179,biographies,"Excellente biographie de l'Imam Malik ibn Anas, le deuxième des Imams à partir desquels les 4 grandes écoles juridiques ont été bâties. La biographie est très bien construite, très instructive, facile à lire. Toutes les sources sont mentionnées en bas de page.
L’édition elle aussi est superbe, avec un design commun pour les 4 Imams pour en faire une belle collection de biographies.
",https://www.sifatusafwa.com/fr/biographies/malik-ibn-anas-sirah-a-immah-al-madhahib-al-arba-ah.html
5,"69,90 €",Al-Qadi 'Iyad ,544,biographies,"Grand recueil de biographies des grandes personnalités du Madhhab de l'imam Malik, écrit par le célèbre Imam Malikite al-Qadhi 'Iyaad.Le dernier volume est complété par l’œuvre de Ibn Hamadah al-Andaloussi qui rajoute les biographies pour 3 autres générations (la 9ème, la 11ème et la 12ème) issues du résumé qu'il avait rédigé du livre original d'al-Qadi Iyad intitulé : ""Bughiyat at-Talib wa Dalil ar-Raghib Mukhtasar Tartib al-Madarik wa Taqrib al-Masalik""Une œuvre parfaitement complète, dans une magnifique édition vérifiée et authentifiée, en 4 volumes, avec harakat en partie.
",https://www.sifatusafwa.com/fr/biographies/tartib-al-madarik-wa-taqrib-al-masalik-li-ma-rifat-a-lam-madhhab-malik.html
6,"6,00 €",An-Najmi ,1429,explications-de-livres-de-aqida,,https://www.sifatusafwa.com/fr/explications-de-livres-de-aqida/charh-aqidah-ibn-abi-zayd-al-qayrawani-cheikh-an-najmi.html
7,"15,00 €",Zayd al-Madkhali ,1435,explications-de-livres-de-aqida,,https://www.sifatusafwa.com/fr/explications-de-livres-de-aqida/charh-usul-as-sunnah-lil-imam-ibn-abi-zamanin-zayd-al-madkhali.html
8,"215,00 €",Ibn Abd al-Barr ,463,explications-de-recueils,"Le charh d'un des plus grands savants de la Sunna Maliki, l'imam ibn Abdel Bar, du Muwatta de l'imam Malik, intitulé at-Tamhid.
L'imam adh-Dhahabi le compte parmi les 3 livres qui l'ont le plus impressionné, avec les Sounan al-Koubra d'al-Bayhaqi et le Mouhalla de ibn Hazm.
",https://www.sifatusafwa.com/fr/explications-de-recueils/at-tamhid-charh-al-muwatta-de-l-imam-ibn-abdil-barr.html#/21-edition-egyptienne
9,"215,00 €",Ibn Abd al-Barr ,463,explications-de-recueils,"Le charh d'un des plus grands savants de la Sunna Maliki, l'imam ibn Abdel Bar, du Muwatta de l'imam Malik, intitulé at-Tamhid.
L'imam adh-Dhahabi le compte parmi les 3 livres qui l'ont le plus impressionné, avec les Sounan al-Koubra d'al-Bayhaqi et le Mouhalla de ibn Hazm.
",https://www.sifatusafwa.com/fr/explications-de-recueils/at-tamhid-charh-al-muwatta-de-l-imam-ibn-abdil-barr.html#/23-edition-libanaise_qualité_saoudienne
10,"45,90 €",Ibn al-’Arabi ,543,explications-de-recueils,"Le livre ""Al-Qabas fi Sharh Muwatta Malik ibn Anas"", écrit par le Qadi Cheikh ""Abu Bakr Muhammad ibn ‘Abdillah ibn al-‘Arabi al-Ma'afer"" est l'une des explications les plus importantes du livre ""al-Muwatta de l'Imam Malik ibn Anas"", qui a gagné la reconnaissance des savants, anciens et contemporains. Il explique ce que le Muwatta contient comme hadiths, ainsi que les termes difficiles utilisés, les rendant plus faciles à comprendre.
L'importance de ce livre réside dans les points suivants :
L'influence andalouse, qui est l'une des principales sources de la littérature Malikite.
Il contient de nombreux jugements déduits par l'auteur.
Il contient des explications très détaillées sur les différents sujets du livre.
Il se distingue de par l’organisation excellente et ingénieuse de son contenu.
L'abondance d’informations bénéfiques dans le hadith, la langue arabe, les fondements du Fiqh et le Fiqh.
La renommée de l'auteur, auteur d’ouvrages célèbres, qui est considéré comme l'un des hommes les plus brillants de l'école Malikite.
",https://www.sifatusafwa.com/fr/explications-de-recueils/kitab-al-qabas-fi-charh-muwatta-malik-ibn-anas-ibnul-arabi-al-maliki.html#/21-edition-egyptienne
11,"45,90 €",Ibn al-’Arabi ,543,explications-de-recueils,"Le livre ""Al-Qabas fi Sharh Muwatta Malik ibn Anas"", écrit par le Qadi Cheikh ""Abu Bakr Muhammad ibn ‘Abdillah ibn al-‘Arabi al-Ma'afer"" est l'une des explications les plus importantes du livre ""al-Muwatta de l'Imam Malik ibn Anas"", qui a gagné la reconnaissance des savants, anciens et contemporains. Il explique ce que le Muwatta contient comme hadiths, ainsi que les termes difficiles utilisés, les rendant plus faciles à comprendre.
L'importance de ce livre réside dans les points suivants :
L'influence andalouse, qui est l'une des principales sources de la littérature Malikite.
Il contient de nombreux jugements déduits par l'auteur.
Il contient des explications très détaillées sur les différents sujets du livre.
Il se distingue de par l’organisation excellente et ingénieuse de son contenu.
L'abondance d’informations bénéfiques dans le hadith, la langue arabe, les fondements du Fiqh et le Fiqh.
La renommée de l'auteur, auteur d’ouvrages célèbres, qui est considéré comme l'un des hommes les plus brillants de l'école Malikite.
",https://www.sifatusafwa.com/fr/explications-de-recueils/kitab-al-qabas-fi-charh-muwatta-malik-ibn-anas-ibnul-arabi-al-maliki.html#/22-edition-saoudienne
12,"75,00 €",Al-Qadi 'Iyad ,544,explications-de-recueils,"Dans ce livre, le Qadi Iyyad a tenu à redresser toute confusion ou problématique relative aux termes des hadiths figurant dans le Sahih Bukhari, le Sahih Muslim et le Muwatta et à expliquer leur ambiguïté. Il y a également cité les erreurs relatives aux chaînes de narration et au contenu des hadiths parfois dues à une faute commise par le narrateur ou à sa confusion. L’auteur a ensuite organisé ces termes par ordre alphabétique.
En plus de l’évaluation des termes problématiques et rares figurant dans les deux Sahihs et le Muwatta que ce livre présente, le lecteur se voit offrir une explication précise de ces termes et un examen minutieux des noms, prénoms et généalogies des personnes, ainsi que des noms des lieux et des pays. L'ouvrage met également en garde contre les interprétations erronées que peuvent causer ces termes problématiques et qui peuvent induire certains lecteurs en erreur et à la confusion. Enfin, il compare les narrations, souligne leurs différences et indique les plus judicieuses d’entre elles.
Excellente édition vérifiée à partir de 3 manuscrits par le Cheikh Salih ach-Chami, avec les références pour tous les Hadiths cités. 
",https://www.sifatusafwa.com/fr/explications-de-recueils/machariq-al-anwar-ala-sahih-al-athar-al-qadhi-iyyad.html
13,"29,00 €",Auteur non disponible,,explications-de-recueils,"Fruit de 80 assises explicatives du Muwatta dans lequel le Cheikh tunisien Ilyes Dardour explique les premiers chapitres du recueil de l'Imam Malik, du temps des prières à la Janaza.
Son Charh est très approfondi, expliquant les mots, rappelant les leçons à en tirer et surtout en détaillant les règles et questions juridiques. De plus il se trouve une introduction expliquant les différentes successions de génération et d’élèves de l'Imam Malik, ainsi que les tenants de son école.
Très belle édition de plus de 800 pages.
",https://www.sifatusafwa.com/fr/explications-de-recueils/mouhadarat-fi-charh-al-mouwatta-dr-ilyes-dardour.html
14,"89,00 €",Auteur non disponible,,fiqh-ahkam,"Un travail colossal et extrêmement détaillé, qui délivre, preuves et arguments à l'appui les opinions prépondérantes (Mashhour) du Fiqh Maliki. Ce livre est particulièrement intéressant car il est très bien structuré, dans un style méthodologique moderne bien adapté aux étudiants de nos jours.
Le livre commence par une longue introduction importante et bénéfique sur l'Imam Malik, puis les grands Imams de l’école Malikite et enfin les définitions détaillées des Moustalahat propres au Madhhab.
Ce magnifique travail est préfacé et recommandé par le Cheikh Ahmad Taha Rayan, célèbre cheikh et enseignant Azharite Maliki.
",https://www.sifatusafwa.com/fr/fiqh-ahkam/al-fiqh-al-maliki-wa-adillatuhu-préface-ahmad-taha-rayan.html
15,"95,00 €",Auteur non disponible,,fiqh-ahkam,"L'auteur ibn Rushd est Maliki, mais son oeuvre ""Bidayah al-Mujtahid wa Nihayah al-Muqtasid"" est en fait du Fiqh comparé où il expose les avis des 4 écoles, des Dhahiri ainsi que des autres imams tel que Thawri ou Awzai et beaucoup d'autres. Ce livre est une référence en son domaine, il est d'ailleurs étudié en université de Shari'ah en Arabie et en Égypte.
Explication en 4 volumes, vérification et référencement des Hadith par le Dr. AbdALLAH al-'Abbadi.
",https://www.sifatusafwa.com/fr/fiqh-ahkam/charh-bidayah-al-mujtahid-wa-nihayah-al-muqtasid-abdullah-al-abadi.html
16,"5,00 €",Auteur non disponible,,fiqh-ahkam,"Explication du Moukhtasar al-Akhdari, célèbre Matn du Fiqh Maliki. Ce Charh est conçu pour être facilement compris et simplement expliqué.
Édition authentifiée et annotée par le Cheikh Ahmad Moustafa al-Tahtawi.
",https://www.sifatusafwa.com/fr/fiqh-ahkam/hidayah-al-muta-abid-as-salik-charh-al-akhdari-abdessami-al-abi.html
17,"13,50 €",Auteur non disponible,,fiqh-ahkam,"Recherche introductive à l’étude des Oussoul al-Fiqh selon le rite Maliki. Cet ouvrage rassemble les bases de connaissance nécessaire que doit avoir celui qui veut connaitre ou etudier dans les Usul du Madhhab de l'Imam Dar al-Hijra, Malik ibn Anas, rahimahu Llah.
",https://www.sifatusafwa.com/fr/fiqh-ahkam/introduction-au-fondements-du-fiqh-maliki-usul-fiqh.html
18,"5,50 €",Auteur non disponible,,fiqh-ahkam,"Explication du célèbre Matn d'Al-Ashmawiyyah dans le Fiqh Maliki, dans lequel l'auteur, Abdel Aziz al-Ghumari, expose principalement les preuves appuyant les sujets contenus dans l’épitre.
C'est une explication de référence, le Cheikh explique légèrement et fourni les arguments (Dalil).
Harakat sur le Matn.
",https://www.sifatusafwa.com/fr/fiqh-ahkam/ithaf-dhawi-al-himam-al-aliyah-bi-charh-al-achmawiyah-al-ghumari.html
19,"2,50 €",Auteur non disponible,,fiqh-ahkam,"Risalah approfondie sur les règles et usages des prosternations de distraction selon les enseignements du Madhhab Maliki.
L'auteur, le Muhaqqiq Maliki égyptien, Ahmad Mustafa at-Tahtawi, explique les règles, donne des cas concrets, utilise les questions réponses, détaille les cas de figures etc.
",https://www.sifatusafwa.com/fr/fiqh-ahkam/les-prosternations-de-distraction-dans-le-madhhab-maliki.html
20,"3,00 €",Auteur non disponible,,fiqh-ahkam,"Matn de base dans le Madhhab Maliki (100% harakat) comprenant les chapitres suivants :
1- Introduction comportementale2- Les catégories d'eaux3- L'enlèvement de l'impureté sur son vêtement4- L'accomplissement des ablutions5- Les annulatifs des ablutions6- Ce qui est interdit de faire sans les ablutions7- L'accomplissement du Ghousl8- Ce qui est interdit de faire sans le Ghousl9- Le Tayamoum10- Les annulatifs du Tayamoum11- Les menstruations12- Les lochies13- Les horaires de prière14- L'accomplissement de la prière 15- Les actes détestable et interdit durant la prière16- Le rattrapage des prières17- La réparation de la prière18- Rappel sur l'importance de la prière
Édition vérifiée et annotée, incluant le Matn et la Mandhoumah.
",https://www.sifatusafwa.com/fr/fiqh-ahkam/matn-al-akhdari-mukhtasar-fi-al-ibadat-ala-madhhab-al-maliki.html
21,"3,50 €",Auteur non disponible,,fiqh-ahkam,"Annulatifs de la prière selon l’école Malikite, par le Cheikh Ahmad Mustafa at-Tahtawi, avec référence du Maddhab en annotations.
",https://www.sifatusafwa.com/fr/fiqh-ahkam/mubtilat-as-salat-ala-al-madhhab-al-maliki.html
22,"69,90 €",Auteur non disponible,,fiqh-ahkam,"Un livre dans le Fiqh, spécialisé dans la juridiction ('Ilm al-Qadha). C'est l'un des livres les plus importants et les plus complets dans son domaine, écrit par l'éminent savant ibn Farhoun.
Au début, l'auteur a inclus des chapitres sur les aspects de la justice, ses fondements, ses méthodes et des sujets qui y sont liés tels que les témoignages, les aveux, etc. Puis il a présenté des exemples de divers problèmes auxquels les juges peuvent se retrouver confrontés, ainsi que leurs jugements et les paroles des savants des différentes écoles.
Excellente édition, vérifiée à partir de 5 manuscrits, avec la majorité des Harakats et quelques annotations utiles sur certains termes et sur les Hadith mentionnés.
",https://www.sifatusafwa.com/fr/fiqh-ahkam/tabsirah-al-hukkam-fi-usul-al-aqdhiyyah-ibn-farhun-799h.html
23,"59,00 €",Ibn Rushd ,,fiqh-généraliste,"L'auteur ibn Rushd est Maliki, mais son oeuvre est en fait du Fiqh comparé où il expose les avis des 4 écoles, des Dhahiri ainsi que des autres imams tel que Thawri ou Awzai et beaucoup d'autres. Ce livre est une référence en son domaine, il est d'ailleurs étudié en université de Shari'ah en Arabie et en Égypte.
",https://www.sifatusafwa.com/fr/fiqh-généraliste/bidayah-al-mujtahid-wa-nihaya-al-muqtassid-ibn-rushd.html#/30-edition-1_volume
24,"59,00 €",Ibn Rushd ,,fiqh-généraliste,"L'auteur ibn Rushd est Maliki, mais son oeuvre est en fait du Fiqh comparé où il expose les avis des 4 écoles, des Dhahiri ainsi que des autres imams tel que Thawri ou Awzai et beaucoup d'autres. Ce livre est une référence en son domaine, il est d'ailleurs étudié en université de Shari'ah en Arabie et en Égypte.
",https://www.sifatusafwa.com/fr/fiqh-généraliste/bidayah-al-mujtahid-wa-nihaya-al-muqtassid-ibn-rushd.html#/39-edition-4_volumes
25,"32,90 €",Auteur non disponible,,fiqh-généraliste,"Un excellent ouvrage qui plaira à nos frères Maliki désireux de connaître les preuves argumentaires associées aux règles juridiques enseignées dans les livres de l'école Malikite.
En effet souvent les manuels de débutants sont dépourvus de preuve, mais cet ouvrage, écrit dans une composition moderne et structurée, cite les preuves du Coran et de la Sounnah qui sont à l’origine des règles énoncées dans l'école de l’Imam Malik ibn Anas.
En deux volumes, l’ouvrage couvre les 5 adorations de bases (Purification, Prière, Zakat, Jeûne et Hajj). Les références Malikites et les références des Hadiths sont indiquées en bas de page.
",https://www.sifatusafwa.com/fr/fiqh-généraliste/fiqh-as-sounnah-ala-madhhab-al-maliki-2-volumes.html
26,"32,90 €",Auteur non disponible,,fiqh-généraliste,"Célèbre ouvrage de Fiqh comparé contemporain définissant pour chaque question et chapitre de Fiqh les avis des 4 écoles juridiques que sont l’école Hanafi, Maliki, Shafii et Hanbali.
Nouvelle édition en un seul très gros volumes de plus de 1400 pages, belle qualité d'impression.
",https://www.sifatusafwa.com/fr/fiqh-généraliste/kitab-al-fiqh-ala-al-madhahib-al-arba-a-abderrahman-al-djazairi.html
27,"16,90 €",Auteur non disponible,,fiqh-maliki,"Un livre sur un thème très important: les actions des gens de Médine. En effet les actes des gens de Médine sont une preuve très utilisée dans le madhhab Maliki.
Cependant les savants Maliki, voir les étudiants de l'imam Malik ont divergé sur la compréhension et l'usage de cette preuve.
Le cheikh a regroupé toutes les paroles de l'imam Malik sur le sujet, puis les paroles de ses élèves, puis les paroles des savants Maliki, puis les paroles des savants non-Maliki et enfin il donne des exemples concrets.
Un excellent livre très simple à lire qui est à la base la thèse de doctorat du Cheikh Idriss Dardour qu'il a défendu à l'Université de Zitouna en Tunisie.
",https://www.sifatusafwa.com/fr/fiqh-maliki/-amal-ahl-al-madinah-inda-al-malikiyyah.html
28,"15,00 €",Auteur non disponible,,fiqh-maliki,"Voici une explication complète d'un des Matn les plus répandus du Madhab Maliki, la Mandhoumah de Ibn 'Achir (Al-Mourchid al-Mou'in).
Cet excellent Charh est écrit par le Cheikh Abu Soulayman al-Moukhtar ibn Al-Arabi al-Mou'min al-Jaza-iri thoumma ach-Chanqiti, en un volume de très bonne qualité.
Il est à noter que l'auteur du Charh est Salafi dans la Aqida wal-hamdoulillah, et de ce fait il ne s'attarde pas sur les vers du Matn concernant la Aqida Ash'ariya et le Tasawwuf, le Charh ne concerne que les chapitres de Usul et de Fiqh.
Deuxième édition, corrigée et augmentée (2014).
",https://www.sifatusafwa.com/fr/fiqh-maliki/al-arf-an-nachir-fi-charh-wa-adillat-fiqhi-matn-ibn-achir.html
29,"85,00 €",Auteur non disponible,,fiqh-maliki,"Ce magnifique ouvrage de 8 volumes rassemble 3 livres en 1, et en fait une édition exceptionnelle pour ce grand livre de Fiqh Maliki:
- Le Matn, Aqrab al-Massalik, écrit par Abul-Barakat al-Dardir (1201H) est un résumé du Moukhtasar Khalil, un résumé très connu qui fait autorité sur les avis établis de l'école Malikite.
- Ach-Charh as-Saghir est l'explication de l'auteur lui-même, Ad-Dardir, de son Matn.
- Boulghatu Salik est écrit par l’élève de l'auteur, le Cheikh Ahmad as-Sawi (1231H), ce sont ses annotations au Charh as-Saghir.
Un ouvrage extrêmement complet donc, une édition vraiment superbe, un livre à ne pas rater !
",https://www.sifatusafwa.com/fr/fiqh-maliki/al-charh-al-saghir-ala-aqrab-al-masalik-ad-dardir-ta-aliqat-al-sawi-al-mubarak.html#/51-edition-5_volumes
30,"85,00 €",Auteur non disponible,,fiqh-maliki,"Ce magnifique ouvrage de 8 volumes rassemble 3 livres en 1, et en fait une édition exceptionnelle pour ce grand livre de Fiqh Maliki:
- Le Matn, Aqrab al-Massalik, écrit par Abul-Barakat al-Dardir (1201H) est un résumé du Moukhtasar Khalil, un résumé très connu qui fait autorité sur les avis établis de l'école Malikite.
- Ach-Charh as-Saghir est l'explication de l'auteur lui-même, Ad-Dardir, de son Matn.
- Boulghatu Salik est écrit par l’élève de l'auteur, le Cheikh Ahmad as-Sawi (1231H), ce sont ses annotations au Charh as-Saghir.
Un ouvrage extrêmement complet donc, une édition vraiment superbe, un livre à ne pas rater !
",https://www.sifatusafwa.com/fr/fiqh-maliki/al-charh-al-saghir-ala-aqrab-al-masalik-ad-dardir-ta-aliqat-al-sawi-al-mubarak.html#/87-edition-8_volumes
31,"39,90 €",Mayyarah ,1072,fiqh-maliki,"Une des plus importantes explications du Matn de ibn Ashir dans le Fiqh Maliki, par son élève, le Cheikh Mayarah. Le Charh est d'ailleurs surnommé Mayyarah al-Kubra.Belle édition en 2 volumes, vérifiée et annotée (référencement des hadiths et biographies des personnalités citées).
",https://www.sifatusafwa.com/fr/fiqh-maliki/al-durar-al-thamin-wa-l-mawrid-al-muin-al-mayyarah.html
32,"8,00 €",Auteur non disponible,,fiqh-maliki,"Manuel de Fiqh simplifié selon l'école Maliki, avec des questions de révision à la fin de chaque chapitre.
Le livre est destiné à être enseigné dans les assises et les instituts, pour un niveau juste au dessus du grand débutant.
Le livre couvre les adorations seulement, dans un style simple et pédagogique, avec des questions pour permettre aux étudiants de tester leurs connaissances et leur compréhension.
",https://www.sifatusafwa.com/fr/fiqh-maliki/al-fiqh-al-muyassar-ala-madhhab-imam-dar-al-hijra-malik-ibn-anas.html
33,"159,00 €",Auteur non disponible,,fiqh-maliki,"Al-Jami’ li Masail al-Mudawwanah wal-Mukhtalatah est considéré parmi les meilleurs et les plus beaux ouvrages traitant de la Mudawwanah.
Il résume merveilleusement Al-Mudawwanahbien sans que cela appauvrisse les sujets évoqués, regroupe les différents sujets éparpillés et les explique dans une explication complète et compréhensible.
Il cite comme preuves les Athar, explique les termes compliqués et flous en les simplifiant et leur donnant un sens qui correspond avec ce qu’elle contient comme science.
Il détaille les différents aspects de chaque sujet, en différenciant entre chaque aspect du sujet traité afin que chaque aspect soit clair.
L'Imam Ibn Younous As-Siqili s'est appuyé sur les sources les plus importantes du Fiqh Maliki, tel que : Ibn al-Qasim, Ibn al-Mawwaz, Ibn al-‘Utbi, Ibn Wahb, Ibn Habib, al-Abhari, Ibn al-Qassar, Ibn Khuwayzimindad, Abu Ishaq Ibn Sha’ban et Abu Bakr Ibn al-Labbad...
« Al-Jami’ li Masail al-Mudawwanah wal-Mukhtalatah » de l’Imam Ibn Yunus as-Saqali a une grande importance dans le Fiqh Maliki, anciennement c’était le Mu’tamad des Malikites, à tel point qu’on lui donnait le nom de Mushaf al-Madhab en comparaison avec le Mushaf dans lequel tout est explicite et que quiconque l’a en sa possession peut se passer des autres ouvrages.
Cette oeuvre était répandu en orient et en occident et les gens ne cessaient de le citer, de telle sorte que l’on trouve difficilement un livre de Fiqh Maliki, de Hadith ou de Tafsir (rédigé par des Maliki) sans qu’Ibn Yunus ne soit cité. Certains savants le mémorisaient même par cœur et répondaient aux questions qu’on leur posait.
Cela suffit seul à prouver la valeur de ce livre.
",https://www.sifatusafwa.com/fr/fiqh-maliki/al-jami-li-masa-il-al-mudawwanah-ibn-yunus-as-siqilli-451h.html
34,"35,90 €",Ibn Abd al-Barr ,463,fiqh-maliki,"Il s'agit d'une référence dans le Fiqh Malekite ancien, par le Hafidh Abu 'Umar Yousouf ibn AbdilBarr.
",https://www.sifatusafwa.com/fr/fiqh-maliki/al-kafi-fi-fiqh-ala-madh-hab-ahl-al-medina-ibn-abdel-barr-fiqh-maliki.html#/31-edition-2_volumes
35,"35,90 €",Ibn Abd al-Barr ,463,fiqh-maliki,"Il s'agit d'une référence dans le Fiqh Malekite ancien, par le Hafidh Abu 'Umar Yousouf ibn AbdilBarr.
",https://www.sifatusafwa.com/fr/fiqh-maliki/al-kafi-fi-fiqh-ala-madh-hab-ahl-al-medina-ibn-abdel-barr-fiqh-maliki.html#/38-edition-3_volumes
36,"36,90 €",Auteur non disponible,,fiqh-maliki,"Superbe ouvrage résumant en 2 volumes l'ensemble du Fiqh selon les enseignements de l’école Maliki.100% harakat, 2 volumes, très organisé, avec preuves, le Cheikh Yassir ibn Najjar al-Dimyati a fourni un effort considérable, et ceci dans chacune des 4 écoles.Pour réaliser sa Khulasah dans le Fiqh Maliki, il s'est servi des ouvrages essentiels de l’école: Mukhtasar al-Khalil et Aqrab al-Masalik.
",https://www.sifatusafwa.com/fr/fiqh-maliki/al-khulasah-al-fiqhiyyah-ala-madhhab-al-malikiyyah-100-harakat.html
37,"4,50 €",Auteur non disponible,,fiqh-maliki,"Livre très intéressant et très important pour les étudiants en général et les étudiants du Madhhab Maliki en particulier. En effet le Mukhtasar de l'imam Khalil est un texte incontournable dans l’école Malikite qui regroupe un très grand nombre de sujets et de questions.
Ce livre est une introduction pour connaitre l'auteur, son degré, ses sanad, sa méthodologie dans l’écriture du Mukhtasar, et de nombreuses questions se rapportant à cela, les explications et les travaux qui ont été faits, les traductions existantes, les éditions...
Une risala pour mieux comprendre et connaitre ce grand texte du Fiqh Maliki.
",https://www.sifatusafwa.com/fr/fiqh-maliki/al-madkhal-ila-moukhtassar-khalil.html
38,"90,00 €",Auteur non disponible,,fiqh-maliki,"Voici une explication complète d'un des Matn fondateur du Madh-hab Maliki, ar-Risalah de ibn Abi Zayd al-Qayrawani.Cet excellent Charh est écrit par le Cheikh Abu Soulayman al-Moukhtar ibn Al-Arabi al-Mou'min al-Jaza-iri thoumma ach-Chanqiti, en 4 volumes de très bonne qualité.
Il est à noter que l'auteur du Charh est tout comme l'auteur du Matn, Salafi dans la Aqida wal-hamdoulillah.
",https://www.sifatusafwa.com/fr/fiqh-maliki/al-manahil-az-zulalah-fi-charh-adillah-ar-risalah-al-qayrawaniya.html
39,"45,00 €",Auteur non disponible,,fiqh-maliki,"Excellent ouvrage, fruit d'une recherche menée par plusieurs spécialiste du Fiqh Maliki, rappelant les grandes œuvres du Fiqh Maliki et leur méthodologie, et ceci pour chaque sous domaine du Fiqh.
Très intéressant pour qui veut avoir une vision d'ensemble de la bibliographie Malikite, ses livres majeurs et leur méthodologie respective.
",https://www.sifatusafwa.com/fr/fiqh-maliki/al-manhajiya-al-fiqhiya-fi-mouallafat-al-madhhab-al-maliki.html
40,"55,00 €",Auteur non disponible,,fiqh-maliki,"Parmi les fondements spécifiques à l’école de l'Imam Malik ibn Anas, est la prise en compte des actes des gens de Médine comme étant un argument pour certaines questions juridiques.
Cette excellente recherche recense toutes les questions juridiques pour lesquelles 'Amal Ahl al-Madina a contribué à bâtir un avis spécifique chez l'Imam Malik, Imam Dar al-Hijrah.
Pour chaque question l'auteur cite les preuves scripturaires et les arguments de l'Imam Malik, et ensuite il expose les divergences avec les autres écoles.
",https://www.sifatusafwa.com/fr/fiqh-maliki/al-masail-allati-banaha-al-imam-malik-ala-amal-ahl-al-madina.html
41,"12,50 €",Mayyarah ,1072,fiqh-maliki,"Résumé de l'auteur lui-même de Durar ath-Thamin qui est un commentaire du matn de Ibn 'Achir. Ce livre est très étudié dans les madrassa Malekites au Maghreb.
Une des plus importantes explications du Matn de ibn Ashir dans le Fiqh Maliki, par son élève, le Cheikh Mayarah. Le Charh est d'ailleurs surnommé Mayyarah al-Sughra.
Belle édition vérifiée et annotée.
",https://www.sifatusafwa.com/fr/fiqh-maliki/al-mayyarah-as-soughrah-moukhtasar-al-durar-al-thamin-al-mayyarah.html
42,"20,00 €",Auteur non disponible,,fiqh-maliki,"L'une des toutes premières explications rédigées sur le célèbre poème al-Achmaouia, écrite au 10ème siècle de l’Hégire.
Ce Charh est très intéressant, les termes employés sont simples et l'auteur cite les preuves du Coran et de la Sounna liées aux différentes questions traitées, ainsi que les divergences existantes dans l’école Malikite.
Superbe édition, vérifiée et authentifiée par le célèbre Muhaqqiq égyptien, spécialisé en Fiqh Maliki, Ahmad Moustafa at-Tahtawi.
",https://www.sifatusafwa.com/fr/fiqh-maliki/al-minah-al-ilahiyah-fi-charh-al-achmawiyah-al-fichi-972h.html
43,"19,00 €",Auteur non disponible,,fiqh-maliki,"Explication du Matn al-Akhdari (texte incontournable dans le Fiqh Maliki), par le grand savant contemporain Al-Mokhtar al-Jazairi al-Chanqiti.
Le Charh porte sur les adorations, en 1 volume.
Il s'agit de la seconde édition, augmentée de Fawaid importantes et de conseils aux étudiants.
",https://www.sifatusafwa.com/fr/fiqh-maliki/al-misk-al-adhfari-fi-charh-wa-adilla-fiqh-matn-al-akhdari-mokhtar-chanqiti.html
44,"15,00 €",Auteur non disponible,,fiqh-maliki,"Les transactions selon le Fiqh Maliki.
Ce livre concerne les transactions financières dans le commerce selon le Fiqh Maliki. Dans ce livre, le Mufti de Libye as-Sadiq ibn Abder-Rahman al-Ghuryani s’est engagé à faciliter les expressions, à ce que la recherche soit complète, à mentionner les sources des différents sujets et à en mentionner les preuves du Coran et de la Sunnah.
",https://www.sifatusafwa.com/fr/fiqh-maliki/al-mou-amalat-fi-al-fiqh-al-maliki-sadiq-al-ghariani.html
45,"95,00 €",Imam Sahnoun ,240,fiqh-maliki,"Al-Mudawanah est un des livres fondateurs du madh-hab de l'imam Malik ibn Anas. Ce sont des questions et réponses sur des sujets de jurisprudence posées à l'imam Malik, rapportées par Abd as-Salam ibn Sa’id al-Tannoukhi, surnommé Sahnoun (240 H), qui les a compilées et qui les a rapportées d'Abder-Rahman ibn al-Qasim al-Atqi (191 H) d’après l'imam Malik ibn Anas. Cet ouvrage est parfois attribué à Sahnun parce que c’est lui qui l’a rapporté, il est dit « la Moudawwana de Sahnoun ».
Cette « Mudawwana » réunie les opinions de l'imam Malik ibn Anas, qui sont basées sur ses fondements ainsi que sur les opinions de certains de ses compagnons. Quelques athars et hadiths sur les questions de jurisprudence Maliki y sont mentionnés.
",https://www.sifatusafwa.com/fr/fiqh-maliki/al-moudawanah-fi-fourou-al-malikiyah-sahnoun.html#/33-edition-édition_1
46,"95,00 €",Imam Sahnoun ,240,fiqh-maliki,"Al-Mudawanah est un des livres fondateurs du madh-hab de l'imam Malik ibn Anas. Ce sont des questions et réponses sur des sujets de jurisprudence posées à l'imam Malik, rapportées par Abd as-Salam ibn Sa’id al-Tannoukhi, surnommé Sahnoun (240 H), qui les a compilées et qui les a rapportées d'Abder-Rahman ibn al-Qasim al-Atqi (191 H) d’après l'imam Malik ibn Anas. Cet ouvrage est parfois attribué à Sahnun parce que c’est lui qui l’a rapporté, il est dit « la Moudawwana de Sahnoun ».
Cette « Mudawwana » réunie les opinions de l'imam Malik ibn Anas, qui sont basées sur ses fondements ainsi que sur les opinions de certains de ses compagnons. Quelques athars et hadiths sur les questions de jurisprudence Maliki y sont mentionnés.
",https://www.sifatusafwa.com/fr/fiqh-maliki/al-moudawanah-fi-fourou-al-malikiyah-sahnoun.html#/34-edition-édition_2
47,"59,90 €",Auteur non disponible,,fiqh-maliki,"Un condensé de Fiqh Maliki qui nous a beaucoup plu en raison de son organisation:L'auteur a d'abord rédigé un matn résumé en se fondant sur les principaux moutoun de références du Madhhab, le matn a les harakats en grande partie.Puis il a expliqué ce dernier en développant les points un par un et en citant les preuves étayant les opinions juridiques.Ainsi ce livre en 3 tomes permet d'embrasser le Madhhab Maliki et ses preuves, sans pour autant devoir lire l'ensemble de la littérature de l’école, car l'auteur a rassemblé et résumé tout cela pour le lecteur.
",https://www.sifatusafwa.com/fr/fiqh-maliki/al-mouhadhdhab-min-al-fiqh-al-maliki-wa-adillatih.html
48,"16,00 €",Auteur non disponible,,fiqh-maliki,"Le Moukhtasar as-Saghir que voici, écrit par l'imam Maliki ibn Abd el Hakam (214H) est un traité de Fiqh comparé. L'auteur laisse un travail remarquable en citant, pour chaque chapitre et question de fiqh, l'avis de son école (Malikite), puis il cite l'avis de Abu Hanifa, puis ach-Chafi'i puis Ahmad, sans prendre partie.L’édition est une recherche universitaire dans laquelle l'auteur a sorti le texte du manuscrit, puis pour chaque avis cité par l'imam, il rapporte les références selon les madhahib , et sur certaines questions il cite leurs arguments et discute l'avis prépondérant. Il explique également les termes difficiles et techniques et donne la biographie des personnes citées.
",https://www.sifatusafwa.com/fr/fiqh-maliki/al-moukhtasar-as-saghir-li-ibn-abdelhakam-khilafiyat-fil-fiqh.html
49,"229,00 €",Ibn 'Arafah ,803,fiqh-maliki,"Ce livre se veut être une encyclopédie du Fiqh Maliki, l'Imam ibn 'Arafa y traite de tous les sujets de Fiqh, et cite ensuite tous les avis dans l'école, les divergences, les argumentations, les chaînes de transmission etc...
Ce livre est écrit sous forme de texte très concis et concentré et assez difficile de compréhension, il fait 16 volumes et est destiné aux étudiants très avancés, aux savants et aux chercheurs.
L'Imam Ibn Arafah el Wargharmi est un savant Tunisien des années 800 de l'Hégire, il est l'auteur de plusieurs livres dont un célèbre tafsir et ce Mukhtasar dans le fiqh selon l'école de l'imam Malik.
Excellente édition en 16 volumes: vérification à partir de 16 manuscrits, authentification des hadiths, et annotations pour citer les sources et détailler certains points. Préfacée et élogée par 2 savants spécialisés dans le Fiqh Maliki.
",https://www.sifatusafwa.com/fr/fiqh-maliki/al-moukhtassar-al-fiqhi-de-ibn-arafah-803h-fiqh-maliki.html
50,"13,00 €",Auteur non disponible,,fiqh-maliki,"Le poème de Fiqh selon l’école Malikite : « al-Muqaddimah al-Qurtubiyyah » aussi appelé « Ourjouza al-Waladan fil-Fard wal-Masnoun » par le Cheikh, l’érudit, le Faqîh Abu Bakr Yahya ibn Sa’doun al-Qurtubi (567 H), composé de 117 vers.
Aujourd’hui nous proposons ce poème avec son explication par l’Imam, le Faqîh Cheikh Ahmad ibn Ahmad ibn Muhammad ibn Issa al-Bournoussi al-Fassi plus connu sous le nom de « Zarrouq » (846 H - 899 H), auteur de nombreux ouvrages célèbres.
Cheikh Zarrouq a expliqué ce poème selon l’ordre qui correspond à l’ordre habituel des ouvrages de Fiqh. Dans son explication, il mentionne les définitions linguistiques et terminologiques, parle des sujets qui découlent des sujets principaux, et cite les points bénéfiques et importants des différents sujets de Fiqh.
Il y mentionne les preuves du Saint Coran et de la Sunnah du Prophète, tout comme il cite des vers de poésie de temps en temps ; une explication basée sur plusieurs règles et fondements de Fiqh.
Concernant les hadiths prophétiques, il mentionne régulièrement le degré du hadith avec son référencement, et lorsqu’il ne trouve pas le hadith ou ne le cite pas dans son texte original, il le signale et propose au lecteur de le rechercher.
Quant aux sources sur lesquelles Zarrouq s'est appuyé dans son explication, on peut dire qu'il a fait référence à la plupart des livres principaux connus et célèbres du Fiqh.
Tahqiq très sérieux d'un professeur de Fiqh de l'Université de Wahran en Algérie, le poème est vérifié à partir de 7 manuscrits et l'explication est vérifiée à partir de 3 manuscrits.
",https://www.sifatusafwa.com/fr/fiqh-maliki/al-muqaddimah-al-qurtubiyyah-bi-charh-cheikh-zarrouk-el-bernoussi.html
51,"11,90 €",Ibn al-’Arabi ,543,fiqh-maliki,"Risalah du grand Imam Maliki, Ibn al-'Arabi (543H) sur les Usul al-Fiqh et les Usul ad-Din (Aqidah)
",https://www.sifatusafwa.com/fr/fiqh-maliki/al-usul-fi-ma-rifah-al-usul-risalah-fi-usul-ad-din-ibn-al-arabi.html
52,"16,00 €",Auteur non disponible,,fiqh-maliki,"Explication 90% harakat du Matn de Ibn 'Achir dans le Fiqh Maliki, par le Cheikh Muhammad ibn Yusuf al-Kafi, ancien Moufti des Maliki de Damas (1380H).
Ce livre est également un résumé d'un livre connu dans le Madhhab, une référence en terme d'explication du matn de ibn Achir al-Mourchid al-Mou'in, les Hachiya de ibn Hamdoun. Le Cheikh al-Kaafi l'a résumé dans un style plus simple à la demande des étudiants qui trouvaient l'original trop complexe.
Magnifique édition avec toutes les harakats (sauf les 30 dernières pages).
",https://www.sifatusafwa.com/fr/fiqh-maliki/an-nour-al-moubin-ala-al-mourchid-al-mou-in-fiqh-maliki-90-harakat.html
53,"6,00 €",Ad-Dardir ,1201,fiqh-maliki,"Matn de Fiqh Maliki connu, écrit par un grand savant Malikite, Ahmad ibn Muhammad ad-Dardir (1201 H.), intitulé Aqrab as-Masalik li Madhhab al-Imam Malik.
",https://www.sifatusafwa.com/fr/fiqh-maliki/aqrab-al-masalik-li-madhhab-al-imam-malik-ad-dardir-harakat.html#/40-edition-petit_format
54,"6,00 €",Ad-Dardir ,1201,fiqh-maliki,"Matn de Fiqh Maliki connu, écrit par un grand savant Malikite, Ahmad ibn Muhammad ad-Dardir (1201 H.), intitulé Aqrab as-Masalik li Madhhab al-Imam Malik.
",https://www.sifatusafwa.com/fr/fiqh-maliki/aqrab-al-masalik-li-madhhab-al-imam-malik-ad-dardir-harakat.html#/42-edition-grand_format
55,"2,75 €",Auteur non disponible,,fiqh-maliki,"Célèbre poème scientifique (Nadhm) dans le Fiqh Maliki, écrit par le Cheikh Mouhammad al-Bashar al-Rashidi. Cette œuvre très complète est souvent étudiée dans les cursus Maliki, elle est très complète et contient 1160 vers.
Édition en format moyen (12x17cm), vérifiée par un professeur de Fiqh Maliki à partir du manuscrit, 100% harakat, vers numérotés, et annotations sur certains termes difficiles.
",https://www.sifatusafwa.com/fr/fiqh-maliki/ashal-al-masalik-fi-madhhab-al-imam-malik-muhammad-al-bashar.html
56,"6,75 €",Auteur non disponible,,fiqh-maliki,"Recherche détaillée et explicative sur les termes Rajih et Mashhour dans le Madhhab Maliki. On y explique le sens, l’acceptation, l'utilisation de l’un par rapport à l’autre etc, avec exemples à l’appui.
Écrit par le Dr Qotb ar-Rissouni, professeur de Fiqh et de Oussoul.
",https://www.sifatusafwa.com/fr/fiqh-maliki/at-taaroud-bayna-ar-rajih-wa-l-machhour-fi-l-madhhab-al-maliki.html
57,"239,00 €",Al-Lakhmi ,408,fiqh-maliki,"At-Tabsirah fait partie des livres fondateurs dans le Madhhab Malikite, c'est un commentaire au plus célèbre d'entre eux al-Moudawanah, par l'imam al-Lakhmi, un des imams de la prestigieuse école Malikite Tunisienne de l’époque.
Ce livre est un référence qui reprend les grands livres qui l'ont précédés comme al-Wadiha de ibn Habib et qui sera ensuite lui-même repris par les savants malikites après comme ibn Ruchd ou al-Khalil dans son Moukhtasar.
Il développe largement les questions et les avis et avec beaucoup de détails.
Il s'agit de l’édition de référence avec le Tahqiq du Docteur Ahmad Abdelkarim Nakhib, c'est la copie exacte et autorisée de l’édition du ministère du Qatar.
",https://www.sifatusafwa.com/fr/fiqh-maliki/at-tabsirah-al-lakhmi-408h-14-volumes-fiqh-maliki.html
58,"99,00 €",Auteur non disponible,,fiqh-maliki,"Explication du Mukhtasar Khalil dans le Fiqh Maliki par l'imam Al-Mawwaq (897H), élève de l'imam Abul-Qassim ibn Siraj (848H).
C'est un excellent Charh dans lequel son auteur ramène les paroles des Imams du Madhhab, rapporte parfois les avis des autres Madhahib et donne ensuite l'avis prépondérant parmi les avis du Madhhab.
Magnifique édition en 5 volumes vérifiée, référencée, avec sommaire de recherches par versets, hadiths et sujets de Fiqh.
",https://www.sifatusafwa.com/fr/fiqh-maliki/at-taj-wa-al-iklil-li-moukhtasar-khalil-al-mawwaq-al-maliki.html
59,"138,00 €",Khalil Ibn Ishaq ,776,fiqh-maliki,"Ce livre, ""At-Tawdih fi sharh al-Mukhtasar al-far'i li-Ibn al-Hājib"", de l'Imam Cheikh al-Faqih Khalil Ibn Ishaq al-Maliki, dit Al-Jundi (décédé en 776 AH), est le livre le plus commenté de «Jami 'al-Ummahat» d'Ibn al-Hajib. C'est un livre des plus utiles, très bénéfique et très célèbre.L’imam Khalil Al-Jundi a étudié le livre d’Ibn al-Hajib, résolu ses problèmes et clarifié ses questions ambigues, en s’appuyant sur les paroles des savants de l’école Malikite, transmises dans leurs livres célèbres, ainsi que sur les explications des livres précédents.Ce livre, intitulé «At-Tawdih fi sharh al-Mukhtasar», a suscité l’attention et a été accepté par les érudits malékites, car les savants après cela se sont limités à ce livre et à «Al-Mukhtasar». À cet égard, Al-Qarāfī a déclaré: «Les gens ont accepté et se sont mis à lire et à étudier ses deux livres:« Al-Mukhtasar » et « At-Tawdih ».Très belle édition, vérifiée et authentifiée à partir de 4 manuscrits, résolvant les erreurs des Tahqiq précédents. Avec des notes de bas de page donnant les références des Hadith et celles des sujets de Fiqh selon d’autres livres de Maliki.
",https://www.sifatusafwa.com/fr/fiqh-maliki/at-tawdih-fi-charh-al-mukhtasar-ibn-al-hajib-imam-khalil.html
60,"32,00 €",Auteur non disponible,,fiqh-maliki,,https://www.sifatusafwa.com/fr/fiqh-maliki/ath-thamar-ad-dani-charh-risala-ibn-abi-zayd-al-qayrawani.html#/23-edition-libanaise_qualité_saoudienne
61,"32,00 €",Auteur non disponible,,fiqh-maliki,,https://www.sifatusafwa.com/fr/fiqh-maliki/ath-thamar-ad-dani-charh-risala-ibn-abi-zayd-al-qayrawani.html#/24-edition-egyptienne_avec_harakat
62,"5,00 €",Auteur non disponible,,fiqh-maliki,"Célèbre explication du Matn al-Ashmawiyyah dans le Fiqh Maliki.
Édition égyptienne, vérifiée par Cheikh Ahmad Moustafa at-Tahtawi.
Avec annotations sur les hadiths et les mots difficiles.
",https://www.sifatusafwa.com/fr/fiqh-maliki/charh-al-achmawiya-al-jawahir-az-zakiya-ibn-turki-al-maliki-979h.html
63,"22,00 €",Al-Qadi 'Abdel-Wahhab ,422,fiqh-maliki,"Ce livre fournit l’une des explications les plus importantes du préambule d’Ibn Abi Zayd al-Qayrawani al-Maliki (386H). C’est une explication qui mérite d’être étudiée puisque ses auteurs ne sont autres que les grands érudits et juristes malékites Ibn Abi Zayd, communément appelé “Malik as-Saghir” (le petit Malik, auteur du matn), et Abu Mohamed Abd al-Wahab al-Baghdadi al-Maliki (422H), l'auteur de l'explication.
Ce livre précieux vous est présenté par la Rabita Mohammedia des oulémas du Maroc, avec Tahqiq du texte et notes de bas de pages sur certains points et sur les hadiths.
",https://www.sifatusafwa.com/fr/fiqh-maliki/charh-aqidah-malik-as-saghir-al-qayrawani-al-qadi-abdelwahhab.html
64,"55,00 €",Auteur non disponible,,fiqh-maliki,"L’un des commentaires les plus célèbres et les plus répandus du Mouwatta de l’Imam Malik. C’est un Charh intermédiaire, imprimé en 4 volumes.
Belle édition vérifiée à partir de plusieurs manuscrits avec authentification des Hadiths.
",https://www.sifatusafwa.com/fr/fiqh-maliki/charh-az-zarqani-ala-mouwatta-al-imam-malik.html
65,"3,00 €",Auteur non disponible,,fiqh-maliki,"Explication du célèbre Matn dans le Fiqh Maliki, la Mandhoumah de Ibn 'Achir.
Il s'agit d'un Charh concis destiné aux débutants, du Cheikh Ahmad Moustafa at-Tahtawi, célèbre Muhaqqiq égyptien Malikite contemporain.
",https://www.sifatusafwa.com/fr/fiqh-maliki/charh-mandhouma-ibn-achir-fi-fiqh-al-maliki-ahmad-mustafa-at-tahtawi.html
66,"29,90 €",Auteur non disponible,,fiqh-maliki,"Explication de la mise en poème de la Risalah de ibn Abi Zayd al-Qayrawani, intitulée Fath Rabbani ala Nadhm Risalah, avec la méthodologie suivante : L'explication du poème, les preuves du jugement juridique présent dans le poème, les avis des 4 écoles sur le sujet, dans un style et une mise en page académique.
Le livre traite des 5 adorations seulement : Purification, Prière, Jeûne, Zakat et Hajj.
Très belle édition en 2 volumes avec préface, vérification, annotations sur les hadiths et les citations, et sommaires de recherche.
",https://www.sifatusafwa.com/fr/fiqh-maliki/charh-nadhm-risalah-al-qayrawani-ala-al-madhahib-al-arba-a.html
67,"22,90 €",Auteur non disponible,,fiqh-maliki,"Voici une explication plutôt courte d'une des œuvres incontournables du Fiqh Maliki, le Moukhtasar Khalil, par un grand savant Marocain (Meknes puis Fes) de la fin du 9ème siècle.
Ce Charh est édité dans un gros volume unique de + de 850 pages.
Le texte est vérifié et annoté afin de fournir au lecteur les références ou les citations pour aller plus loin.
",https://www.sifatusafwa.com/fr/fiqh-maliki/chifaa-al-ghalil-annotations-au-moukhtasar-khalil-ibn-ghazi-909h.html
68,"20,00 €",Auteur non disponible,,fiqh-maliki,"Ce livre unique présente une explication du poème ”Ashal al-Masalik fi Fiqh al-Imam Malik” en citant les preuves argumentaires dans un style simple et concis, sans hors sujet, et qui évite toute redondance.
Dans son livre, l’auteur présente également les différentes écoles du Fiqh dont appartenait le Salaf (compagnons, Tabi’un et juristes). Sa méthode consiste à présenter l’Imam du Madhab en premier, puis ses grands élèves et, finalement, ses juristes réputés. L’auteur a également vérifié et jugé le degré d’authenticité des hadiths et a indiqué ceux apparaissant être en contradiction sans vraiment l’être.
Belle édition, avec le référencement des Hadith mentionnés.
",https://www.sifatusafwa.com/fr/fiqh-maliki/dalil-as-salik-ala-as-hal-al-massalik-houssain-as-soulaymani.html
69,"34,90 €",Auteur non disponible,,fiqh-maliki,"Al-Jawahir al-Zakiyyah fi Halli Alfadh al-Achmawiyyah est une explication de l'Imam Ahmad ibn at-Tourki, surnommé Imam al-Muhaqqiqin wa Taj al-Mudaqqiqin, un grand savant Maliki égyptien (979H).
Cet important Charh est édité avec les annotations, al-Hachiyyah, d'un autre grand Savant Maliki égyptien, l'Imam as-Safti (1193H).
Al-'Achmawiyyah étant un matn pour débutant écrit par un auteur égyptien, c'est donc un bel ouvrage de Fiqh de l’école Malikite égyptienne que nous vous proposons.
Très bonne édition vérifiée et annotée par l'un des plus importants Muhaqqiq du madhhab en Égypte, le Cheikh Ahmad al-Tahtawi.
",https://www.sifatusafwa.com/fr/fiqh-maliki/explication-de-al-achmawiya-ibn-turki-as-safti-fiqh-maliki.html
70,"16,90 €",Ibn Sahnoun ,256,fiqh-maliki,,https://www.sifatusafwa.com/fr/fiqh-maliki/fatawa-ibn-sahnoun-al-imam-al-qayrawani-al-maliki-256h.html
71,"20,00 €",Auteur non disponible,,fiqh-maliki,"Ouvrage de Fiqh (sur les adorations exclusivement) selon l’école Malékite et ses preuves. Un bel ouvrage détaillé, ordonné, clair, avec les preuves étayant les différents sujets.
Un bon livre de Fiqh avoir chez soit pour étudier ou réviser le Fiqh Maliki.
",https://www.sifatusafwa.com/fr/fiqh-maliki/fiqh-al-ibadat-wa-adillah-ala-madhhab-sadah-al-malikiyah.html
72,"299,00 €",Auteur non disponible,,fiqh-maliki,"Ce livre est une référence absolue dans le Fiqh Maliki. La Hashiya de Cheikh Muhammad ibn Ahmad ibn Arafat ad-Dousouqi al-Maliki (mort en 1230 H) nommée : « Hashiya ad-Dusuqi ‘ala-l-Charh al-Kabir ». C’est une Hashiya sur le Charh de Cheikh Ahmad ad-Dardir al-Adawi sur le Mukhtasar de l’Imam Khalil, dans laquelle il a clarifié les termes et les expressions, a inclus des avertissements importants et a mentionné des citations des livres de Fiqh Maliki. Tout comme il y a ajouté des preuves légales, et y a mentionné les opinions des savants du Madhab.
Vous trouverez en notes de pages les avis du Cheikh Muhaqqiq Muhammad Illiysh.
Cette superbe édition est le fruit d'un Tahqiq complémentaire aux éditions précédentes et d'annotations utiles. Ce travail est complimenté en préface par 4 savants Malikis.
",https://www.sifatusafwa.com/fr/fiqh-maliki/hachiyah-ad-dousouqi-ala-ach-charh-al-kabir-fiqh-maliki.html
73,"19,00 €",Auteur non disponible,,fiqh-maliki,"Al-Mayyarah as-Soughrah est l'une des meilleures explications et des plus répandues au Matn de Ibn 'Achir dans le Fiqh Maliki. Ce livre contient les commentaires d'Ibn Hamdoun à la Mayyarah as-Soughrah, en faisant un commentaire complet du poème de Ibn 'Achir.
",https://www.sifatusafwa.com/fr/fiqh-maliki/hachiyah-ibn-hamdoun-ala-charh-al-mayyarah.html
74,"80,00 €",Auteur non disponible,,fiqh-maliki,"Belle explication du Moukhtassar Khalil, détaillée et utile, sans être trop longue. An-Nabighah al-Ghoulawi (1245H) a d’ailleurs dit dans son poème: “et accrochez-vous aux annotations de at-Tukhaykhi…” en raison de leurs importances et leurs justesses.
Mise en page agréable, belle édition vérifiée à partir de 4 manuscrits, avec référencement et authentification des Hadiths.
",https://www.sifatusafwa.com/fr/fiqh-maliki/hachiyyah-charaf-ad-din-at-toukhaykhi-ala-moukhtasar-khalil.html
75,"11,50 €",Al-Wansharisi ,914,fiqh-maliki,"Le principe du livre est de relier les sujets de fiqh aux règles (Qawaid) qui y sont appliquées. Idah as-Salik est un livre très connu dans le madhhab Maliki, il rassemble 124 règles qui elles-même touchent plus de 1000 questions juridiques. Cet ouvrage permet de guider les personnes dans la délivrance de Fatwa, c'est donc un livre d'un niveau élevé dans le Madhhab.
Édition vérifiée et préfacée par Sadiq al-Ghariani, avec un sommaire de recherche complet et utile pour trouver les sujets que l'on recherche.
",https://www.sifatusafwa.com/fr/fiqh-maliki/idah-al-masalik-ila-qawa-id-al-imam-malik-al-wansharisi.html
76,"34,90 €",Ibn Rushd ,,fiqh-maliki,"Al-Mabsoutah est un livre de l'Imam Yahya ibn Ishaq al-Laythi (303H) dans lequel il s'est attaché à rassembler tous les avis différents au sein des grands compagnons de l'Imam Malik dans les questions juridiques. Ensuite est venu Muhammad et Abdallah ibn Dinar (363H) qui ont rédigé un abrégé de cette œuvre. Enfin Ibn Ruchd est venu résumer ces 2 ouvrages en ajoutant d'autres paroles divergentes aux sein des imams de l'école.
C'est ce résumé qui est présenté ici au lecteur dans un important travail de vérification, dans une très belle édition (un large volume de 1000 pages) avec les Harakat en partie et toutes les références en bas de page.
",https://www.sifatusafwa.com/fr/fiqh-maliki/ikhtisar-al-mabsoutah-fi-ikhtilaf-as-hab-malik-wa-aqwalouhou.html
77,"39,90 €",Ibn Abd al-Barr ,463,fiqh-maliki,,https://www.sifatusafwa.com/fr/fiqh-maliki/ikhtiyarat-al-hafidh-ibn-abdil-barr-al-fiqhiya.html
78,"22,00 €",Auteur non disponible,,fiqh-maliki,"Recherche introductive à l’étude du Fiqh Maliki. Cet ouvrage rassemble les bases de connaissance nécessaire que doivent avoir celui qui veut connaitre ou s'engager dans le Madhhab de l'Imam Dar al-Hijra, Malik ibn Anas, rahimahu Llah.Voici le plan du livre:
Connaissance générale des écoles juridiques et leur suivi
L'histoire de l’école Malikite
L'imam Malik ibn Anas
Méthodologie générale de l'Imam Malik dans le Fiqh
Les spécificités du Madhhab Maliki
Les écoles Malékites
Le Madhhab Maliki au Maghreb
Les fondements du Madhhab Maliki
Les termes scientifiques propres au Madhhab (Mustalahat)
Les ouvrages du Fiqh Maliki
Les Mujtahid dans le Madhhab Maliki
Programme d'enseignement du Fiqh Maliki
",https://www.sifatusafwa.com/fr/fiqh-maliki/introduction-a-letude-du-fiqh-maliki-ahmed-dib.html
79,"4,50 €",Auteur non disponible,,fiqh-maliki,"Isal as-Salik est l'explication très simplifiée du Cheikh Mohamed Yahya ibn Mohamed Mokhtar al-Walati (1330H) d'un poème sur les fondements juridiques (Oussoul al-Fiqh) écrit par le père de son élève, le Cheikh Ahmad ibn Mohamed ibn Abi Qaf, rahimahumu Allah.
Un petit traité citant les différents Usul dans le madhhab Maliki, de façon simplifiée.
",https://www.sifatusafwa.com/fr/fiqh-maliki/isal-a-salik-ila-usul-madhahb-al-imam-malik-al-walati.html#/28-edition-couverture_souple
80,"4,50 €",Auteur non disponible,,fiqh-maliki,"Isal as-Salik est l'explication très simplifiée du Cheikh Mohamed Yahya ibn Mohamed Mokhtar al-Walati (1330H) d'un poème sur les fondements juridiques (Oussoul al-Fiqh) écrit par le père de son élève, le Cheikh Ahmad ibn Mohamed ibn Abi Qaf, rahimahumu Allah.
Un petit traité citant les différents Usul dans le madhhab Maliki, de façon simplifiée.
",https://www.sifatusafwa.com/fr/fiqh-maliki/isal-a-salik-ila-usul-madhahb-al-imam-malik-al-walati.html#/29-edition-couverture_rigide
81,"36,90 €",Ibn al-Hajib ,646,fiqh-maliki,"Jami 'al-Ummahat aw Mukhtasar ibn al-Hajib al-Far'i est un livre dans la jurisprudence Maliki dans lequel l'auteur (Ibn Al Hajib) a compilé une collection de questions de jurisprudence et ses branches résumées à partir des déclarations des savants Maliki et de leurs livres célèbres. Il a dit: «Quand j'écrivais mon livre, j'avais l'habitude de rassembler les livres célèbres sur la jurisprudence, puis d'écrire leur contenu dans un bref libellé, puis de le compiler dans un livre jusqu'à ce qu'il soit terminé.» Certains chercheurs qui ont étudié le livre a mentionné qu'Ibn Al-Hajib avait résumé son livre à partir de soixante livres, et qu'il comprenait soixante-six mille questions de jurisprudence.Les éloges pour le livre ont été généralisées à l'intérieur et à l'extérieur de l'école Maliki, et suffisent ici au témoignage de Kamal al-Din al-Zamalkawi Ash-Shafi'i, qui a déclaré: «L'École Shafi'i ne possède pas quelque chose de similaire au livre abrégé des Malikis d'Ibn Al Hajib », et ce témoignage est suffisant, comme le dit Ibn Farhun.Excellente édition, vérifiée à partir de 5 manuscrits, avec des annotations utiles.
",https://www.sifatusafwa.com/fr/fiqh-maliki/jami-al-oummahat-moukhtasar-ibn-al-hajib-al-far-i.html
82,"16,00 €",Auteur non disponible,,fiqh-maliki,"Excellent recueil contenant 7 textes importants dans le Fiqh Maliki:
Ar-Risalah fi Fiqh al-Imam Malik
Irchad as-Salih ila Achraf al-Massalik
Moukhtassar al-'Allamah Khalil
Matn al-Akhdari fi al-'Ibadah
Al-Mourchid al-Mou'in 'ala ad-Darouri fi 'Ouloum ad-Din (Matn Ibn 'Achir)
Aqrab al-Massalik li Madhhab al-Imam Malik
Matn al-Achmawiya
Réuni et préparé par un professeur de Fiqh de l’Université de Assiout.
",https://www.sifatusafwa.com/fr/fiqh-maliki/jami-moutoun-al-fiqh-al-malikiya-7-matn-de-lécole-malikite.html
83,"125,00 €",Auteur non disponible,,fiqh-maliki,"Explication du Moukhtassar de l'imam Khalil dans le Fiqh Maliki, écrit par Al-Allamah Muhammad ibn Ibrahim ibn Khalil at-Tata-i (942H).
Ce Cheikh égyptien a écrit 2 explications au Mukhtasar Khalil et celle-ci est la plus courte. Et bien qu'il ne l'ai pas terminée, son Charh ""Saghir"" couvre le chapitre de la purification jusqu’à l’héritage en 8 volumes! Il développe les questions, donne les différents avis dans le Madhhab.
Très bonne édition vérifiée, avec beaucoup d'annotations sur les hadiths et les paroles du Cheikh, afin de rajouter des précisions ou de citer les paroles d'autres Imams dans le Madhhab pour clarifier les points que l'auteur soulève.
",https://www.sifatusafwa.com/fr/fiqh-maliki/jawahir-ad-dourar-fi-hall-alfadh-al-moukhtasar-al-tata-i-al-maliki.html
84,"20,00 €",Ibn Sahnoun ,256,fiqh-maliki,"Ce livre ""Al-Ajwibah"" rassemble les réponses du 'Alim de Qayrawan (Kairouan), fils du 'Alim de Qayrawan, l'imam Sahnoun (auteur de la Moudawannah). Il répond a des questions variées de son élève Mohamed ibn Salim qui l'interroge sur le Hukm d'Allah, c'est à dire pas seulement sur l'avis de Ibn Sahnoun, mais sur l'avis des Uléma de l'Islam qui l'ont précédé comme son père Sahnoun, et au dessus les Imams de l’école et leur maître, Malik ibn Anas.
Belle édition vérifiée à partir de plusieurs manuscrits, avec des sommaires de recherche en fin d'ouvrage.
",https://www.sifatusafwa.com/fr/fiqh-maliki/kitab-al-ajwibah-imam-muhammad-ibn-sahnoun-256h.html
85,"9,00 €",Auteur non disponible,,fiqh-maliki,"Voici un ouvrage sur la purification rituelle, la prière et les prosternations de distraction selon le rite Malékite. 
Le livre commence par At-Tahara (Eaux, Ablutions mineures et majeures, Tayammum, Essuyage des chaussons) puis la Salat. Il y a des photos illustrant les différentes étapes pour aider à la compréhension.
Ensuite il y a de nombreuses questions-réponses sur la prière et notamment les prosternations de distraction.
Edition tunisienne de bonne qualité, format 14x20cm, mise en page en couleur et avec photos.
",https://www.sifatusafwa.com/fr/fiqh-maliki/la-prière-expliquée-et-illustrée-selon-le-madhhab-malikite.html
86,"199,00 €",Auteur non disponible,,fiqh-maliki,"« Lawami' ad-Durar fi Hatk Astar al-Mukhtasar » de Cheikh Muhammad ibn Muhammad Salim al-Majlisi ash-Shanqiti al-Maliki (1206-1302H) est considéré comme l'explication la plus grande en terme de taille du « Mukhtasar » de Cheikh Khalil et la plus complète, et c’est l’un des livres les plus complets écrits dans le Madhab de l’Imam Malik.
« Lawami' ad-Durar fi Hatk Astar al-Mukhtasar » se distingue des autres explications par son explication longue et détaillée, l’abondance de citations et la multiplicité de références qu’il contient, de sorte qu’il soit comme l’auteur l’a voulu : un livre qui peut remplacer les autres livres mais qu’aucun livre ne peut remplacer.
Pour chaque sujet évoqué l’auteur fait en sorte que rien ne lui échappe, il réunit les différents sujets et les nombreuses citations qui y sont liés, puis il compare entre les avis, il critique, il choisit les avis les plus justes, il déduit, il oriente certaines paroles, il reprend des savants, etc. Il intervient souvent pour débattre les arguments des savants qui l'ont précédé et exprime souvent son opinion.
   En conclusion, le livre « Lawami' ad-Durar fi Hatk Astar al-Mukhtasar » est l'une des explications les plus complètes sur le « Mukhtasar » de Khalil, qui réunit de nombreux sujets et citations et débat les arguments des savants qui l'ont précédé.
Il traite l’ensemble des sujets que Khalil a mentionnés dans son « Mukhtasar », explicitement ou implicitement, et les explique d’une manière parfaite avec des expressions simples et un style fluide.
",https://www.sifatusafwa.com/fr/fiqh-maliki/lawami-al-durar-fi-hatk-astar-al-mukhtasar-al-majlisi-ash-shinqiti.html
87,"16,90 €",Auteur non disponible,,fiqh-maliki,"Dans ce livre, l’auteur Muhammad al-Makki Ibn Azzouz al-Maliki at-Tunisi (1270-1334H) démontre que les grands savants du Madhab Maliki parmi les Muhaqqiqun avaient l’avis que la Sunnah est de poser sa main droite sur sa main gauche dans la prière et que cela est l’avis de l’Imam Malik, contrairement à ce qui est répandu et ce que beaucoup pensent comme quoi l’avis de l’Imam Malik serait de prier en laissant les bras le long du corps.
Dans ce livre, l’auteur répond à toute interrogation, ambiguïté ou objection qui pourrait être ramenée, ce qui ne laisse à la personne impartiale aucune place au doute ou à l'hésitation quant à l'authenticité de l'attribution de cet avis (poser sa main droite sur sa main gauche dans la prière) à l'Imam Malik -qu’ALLAH lui fasse miséricorde-.
Très belle édition vérifiée et annotée.
",https://www.sifatusafwa.com/fr/fiqh-maliki/le-statut-du-qabd-dans-la-prière-chez-l-imam-malik-al-mekki-ibn-azouz.html
88,"36,90 €",Auteur non disponible,,fiqh-maliki,"Thèse de Doctorat, dans laquelle l'auteur s'est attelé à recenser les principes et les règles juridiques de l'Imam Malik cités dans l'immense livre de référence, al-Moudawana al-Koubra de l'Imam Sahnoun.
Il a commencé sa recherche par les Imams qui se trouvent dans la chaîne de Sahnoun jusqu’à l'Imam Malik, il a ensuite classé et organisé les Qawa'id. Enfin le reste du livre recense, explique et résume les règles juridiques par chapitre de Fiqh présentées dans la Moudawana.Très belle édition en 2 volumes, toutes les sources (hadith, athars, citations) sont référencées.
",https://www.sifatusafwa.com/fr/fiqh-maliki/les-regles-juridiques-contenues-dans-al-moudawanah-al-koubra.html
89,"22,00 €",Auteur non disponible,,fiqh-maliki,"Voici une thèse de Magistère ayant pour titre : Les questions de Aqidah dans lesquelles ont divergé certains Jurisconsultes Maliki avec les premiers Imams du Madhhab de l'imam Malik.
L'auteur de cette recherche expose chapitre par chapitre les erreurs ou innovations que l'on retrouve chez certains savants Malikites. Dans la Aqida on trouve principalement les noms et attributs, le Tasawwuf et 'Ilm al-Kalam. A chaque fois sont exposées : les paroles des savants tardifs du Madhhab, les paroles des premiers savants du Madhhab et enfin la position de Ahl as-Sounnah sur le sujet en question.Vient ensuite le même travail pour chaque chapitre de Fiqh où sont developpés les erreurs liées à la croyance et innovations.
Ce livre est donc utile pour tous car la plupart des sujets traités sont des erreurs dans lesquelles beaucoup de savants sont tombés en revendiquant cela comme étant l'école de l'imam Malik alors qu'au contraire cela diverge de la position de ce dernier et des premiers grands imams Malikites - et il est donc important de connaitre cela.
",https://www.sifatusafwa.com/fr/fiqh-maliki/les-sujets-de-aqida-dans-lesquels-ont-divergés-certains-savants-maliki.html
90,"79,00 €",Auteur non disponible,,fiqh-maliki,"« Majmou’ al-Amir » appelé également « Mukhtasar al-Amir » du Cheikh Muhammed ibn Muhammed ibn Ahmad ibn Abdel-Qadir as-Sibnawi al-Maliki al-Azhari plus connu sous le nom de « Al-Amir » (1154-1232 H).
Dans ce Mukhtasar le Cheikh a emprunté la même voie que celle de Cheikh Khalil dans son Mukhtasar, cependant, il s'est appuyé sur les opinions prépondérantes dans le Madhab, contrairement à ce qu’a mentionné Khalil, et y a ajouté des sujets de Fiqh qui n'étaient pas mentionnés dans son Mukhtasar, et l'a appelé : « Al-Majmou' ».
Il était si célèbre parmi les savants de son temps que son Cheikh, le Cheikh ‘Ali al-‘Adawi al-Sa'idi, s’y référait. L’auteur lui-même a expliqué son propre Mukhtasar.
100% Harakat, avec de nombreuses annotations utiles, préfacé par le Cheikh Ahmad Taha Rayan.
",https://www.sifatusafwa.com/fr/fiqh-maliki/majmou-al-amir-moukhtasar-al-amir-fiqh-maliki.html
91,"7,50 €",Auteur non disponible,,fiqh-maliki,"Cet ouvrage rassemble 3 explications au Matn de Fiqh Maliki destiné aux débutants “al-’Achmawiya” :
Ad-Dourar al-Bahiyah ‘ala Matn al-’Achmawiyah - Cheikh Salih Abdessami' al-Abi
Ithaf Dhawi al-Himam al-'Aliyah bi Charh al-'Achmawiyah - Cheikh Abdelaziz Al-Ghumari
Al-Mahassin al-Bahiyah Charh Matn al-’Achmawiyah - Cheikh AbdelMajid ach-Charnoubi
Belle édition en format moyen.
",https://www.sifatusafwa.com/fr/fiqh-maliki/majmou-chourouh-matn-al-achmawiyyah.html
92,"149,00 €",Auteur non disponible,,fiqh-maliki,"Voici une des plus importantes explications faites au monument du Fiqh de l'Imam Malik, al-Moudawanah. Cette explication en 10 volumes est l’œuvre du grand savant 'Ali ibn Sa'id ar-Rajraji, éminent savant maliki du 7ème siècle.
L’édition date de 2007, donc un peu ancienne. Elle est authentifiée à partir de 5 manuscrits, et y sont annotées toutes les références nécessaires en bas de page. Enfin il s'y trouve en fin d'ouvrage des index de recherche par verset, athar ou sujet.
",https://www.sifatusafwa.com/fr/fiqh-maliki/manahij-at-tahsil-charh-al-moudawanah-al-rajwaji-10-vol.html
93,"1,00 €",Auteur non disponible,,fiqh-maliki,"Matn de base dans le Madhhab Maliki (100% harakat) comprenant les chapitres suivants :
1- Les annulatifs des ablutions2- Les catégories d'eaux3- Les ablutions4- Le Ghousl5- Le Tayamoum6- La prière7- Les actes interdits8- La Qounout et le Tashahoud durant la prière 9- Les prières surérogatoires10- Les actes détestables durant la prière11- La réparation de la prière12- Les règles pour celui qui est imam13- Les règles pour celui qui prie derrière l'imam14- Les règles de la prière du vendredi15- Les bon comportement le jour du vendredi16- Les excuses valables pour ne pas prier la prière du vendredi17- La prière mortuaire18- Les règles du jeune
",https://www.sifatusafwa.com/fr/fiqh-maliki/matn-al-achmawiya-fi-fiqh-sadat-al-malikiya.html
94,"1,50 €",Auteur non disponible,,fiqh-maliki,,https://www.sifatusafwa.com/fr/fiqh-maliki/matn-ibn-ashir-fil-fiqh-al-maliki-al-murshid-al-muin.html#/40-edition-petit_format
95,"1,50 €",Auteur non disponible,,fiqh-maliki,,https://www.sifatusafwa.com/fr/fiqh-maliki/matn-ibn-ashir-fil-fiqh-al-maliki-al-murshid-al-muin.html#/41-edition-format_moyen
96,"6,00 €",Auteur non disponible,,fiqh-maliki,"Poème (Nadhm) du Matn de la Risalah de Ibn Abi Zayd al-Qayrawaani, texte fondateur du Madhhab Maliki. La mise en poème du Matn facilite la mémorisation de ce dernier.L'auteur est Abd Allah ibn al-Haj al-Qalawi al-Shinqiti, rahimahullaah.Édition vérifiée et préparée (Harakat en majorité) par Sheikh Mukhtar al-Shinqiti, l'auteur de Manahil az-Zulalah.
",https://www.sifatusafwa.com/fr/fiqh-maliki/matn-nadhm-risalah-al-qayrawani-ach-chinqiti.html
97,"5,50 €",Ibn Abi Zayd al-Qayrawani ,386,fiqh-maliki,"Le texte de la Risala de l'imam Ibn Abi Zayd al-Qayrawaani (386H). Ce texte regroupe une célèbre introduction expliquant la Aqida de Ahlus-Sunna, introduction souvent expliquée par les uléma. Et le reste de la risala est un traité de fiqh selon le madhhab Maliki. En moyen format (12x17cm), 100% harakat /  tashkil.
Sujet : Ouvrage concis, résumant la jurisprudence malikite dans les différents chapitres de la législation musulmane et comprenant un chapitre préliminaire sur la croyance des gens de la sunnah et du consensus. Méthode :1 - Le livre est ordonné suivant les chapitres de la jurisprudence (débutant par la croyance authentique, suivi par la purification, la prière,etc…) – le livre comprend 45 chapitres. 2 – Ce livre de par sa concision, comporte ce que l`homme doit obligatoirement connaitre et ne peut ignorer, destiné à un public débutants et novices. 3 – L`auteur ne cite pas les preuves juridiques explicitement afin de préserver la concision du texte, mais la plupart des questions exposées reposent sur une preuve du Coran ou de la Sunnah. 4 – Les expressions employées par l`auteur sont très précises, chaque mot est pesé, ouvrant ainsi de vastes portes dans le domaine de l`explication aux commentateurs.
",https://www.sifatusafwa.com/fr/fiqh-maliki/matn-risala-al-qayrawani-ibn-abi-zayd.html#/150-edition-grand_format_couverture_rigide
98,"5,50 €",Ibn Abi Zayd al-Qayrawani ,386,fiqh-maliki,"Le texte de la Risala de l'imam Ibn Abi Zayd al-Qayrawaani (386H). Ce texte regroupe une célèbre introduction expliquant la Aqida de Ahlus-Sunna, introduction souvent expliquée par les uléma. Et le reste de la risala est un traité de fiqh selon le madhhab Maliki. En moyen format (12x17cm), 100% harakat /  tashkil.
Sujet : Ouvrage concis, résumant la jurisprudence malikite dans les différents chapitres de la législation musulmane et comprenant un chapitre préliminaire sur la croyance des gens de la sunnah et du consensus. Méthode :1 - Le livre est ordonné suivant les chapitres de la jurisprudence (débutant par la croyance authentique, suivi par la purification, la prière,etc…) – le livre comprend 45 chapitres. 2 – Ce livre de par sa concision, comporte ce que l`homme doit obligatoirement connaitre et ne peut ignorer, destiné à un public débutants et novices. 3 – L`auteur ne cite pas les preuves juridiques explicitement afin de préserver la concision du texte, mais la plupart des questions exposées reposent sur une preuve du Coran ou de la Sunnah. 4 – Les expressions employées par l`auteur sont très précises, chaque mot est pesé, ouvrant ainsi de vastes portes dans le domaine de l`explication aux commentateurs.
",https://www.sifatusafwa.com/fr/fiqh-maliki/matn-risala-al-qayrawani-ibn-abi-zayd.html#/21-edition-egyptienne
99,"5,50 €",Ibn Abi Zayd al-Qayrawani ,386,fiqh-maliki,"Le texte de la Risala de l'imam Ibn Abi Zayd al-Qayrawaani (386H). Ce texte regroupe une célèbre introduction expliquant la Aqida de Ahlus-Sunna, introduction souvent expliquée par les uléma. Et le reste de la risala est un traité de fiqh selon le madhhab Maliki. En moyen format (12x17cm), 100% harakat /  tashkil.
Sujet : Ouvrage concis, résumant la jurisprudence malikite dans les différents chapitres de la législation musulmane et comprenant un chapitre préliminaire sur la croyance des gens de la sunnah et du consensus. Méthode :1 - Le livre est ordonné suivant les chapitres de la jurisprudence (débutant par la croyance authentique, suivi par la purification, la prière,etc…) – le livre comprend 45 chapitres. 2 – Ce livre de par sa concision, comporte ce que l`homme doit obligatoirement connaitre et ne peut ignorer, destiné à un public débutants et novices. 3 – L`auteur ne cite pas les preuves juridiques explicitement afin de préserver la concision du texte, mais la plupart des questions exposées reposent sur une preuve du Coran ou de la Sunnah. 4 – Les expressions employées par l`auteur sont très précises, chaque mot est pesé, ouvrant ainsi de vastes portes dans le domaine de l`explication aux commentateurs.
",https://www.sifatusafwa.com/fr/fiqh-maliki/matn-risala-al-qayrawani-ibn-abi-zayd.html#/23-edition-libanaise_qualité_saoudienne
100,"109,00 €",Auteur non disponible,,fiqh-maliki,"Un grand classique du Fiqh Maliki, la célèbre explication du Matn Mukhtasar al-Khalil par l'imam al-Hattab.Il s'agit d'un ouvrage incontournable du madhhab Maliki, présenté ici dans une édition en 8 volumes, vérifiée et authentifiée, 100% harakat!
",https://www.sifatusafwa.com/fr/fiqh-maliki/mawahib-al-jalil-li-charh-moukhtasar-khalil-harakat-8-vol.html
101,"6,50 €",Auteur non disponible,,fiqh-maliki,"Recueil de 3 Moutoun dans le Fiqh Maliki :
Mukhtasar al-Akhdari fil-'Ibadat, pas de harakat
Al-Murshid al-Mu'in (Matn ibn 'Ashir), 100% harakat
Matn Ar-Risalah (al-Qayrawani), 100% harakat
",https://www.sifatusafwa.com/fr/fiqh-maliki/min-mutun-al-fiqh-al-maliki-3-matn-100-harakat.html
102,"129,00 €",Auteur non disponible,,fiqh-maliki,"Il s'agit d'un des plus importants recueils de Fiqh Maliki contemporains, écrit par l'actuel Mufti de Lybie, Sadiq Abderrahman al-Gariani. C'est un livre encyclopédique dans le Fiqh Malikite qui rassemble les règles et fondements selon l'avis prépondérant de l’école, dans un style simple et accessible, qui convient aussi bien aux spécialistes qu'aux débutants.
L'auteur mentionne les preuves issues du Coran et le Sounna et des Fondements, sans s'appuyer sur des hadiths faibles - sauf pour les cas ou ils ont été mis en pratique par un grand nombre de Savants. L'auteur se contente de ne citer que l'avis confirmé, l'avis prépondérante dans l’école de l'imam Malik.
Superbe édition (2015) en 5 larges volumes (800 a 900 pages par volumes).
",https://www.sifatusafwa.com/fr/fiqh-maliki/moudawanah-al-fiqh-al-malikiyyah-wa-adillatuh-sadiq-al-ghariani.html
103,"6,00 €",Khalil Ibn Ishaq ,776,fiqh-maliki,"L'un des textes les plus importants et les plus étudiés du Madh-hab Maliki, le Moukhtasar Khalil.100% harakat.
",https://www.sifatusafwa.com/fr/fiqh-maliki/moukhtasar-khalil-harakat-fiqh-maliki.html#/23-edition-libanaise_qualité_saoudienne
104,"6,00 €",Khalil Ibn Ishaq ,776,fiqh-maliki,"L'un des textes les plus importants et les plus étudiés du Madh-hab Maliki, le Moukhtasar Khalil.100% harakat.
",https://www.sifatusafwa.com/fr/fiqh-maliki/moukhtasar-khalil-harakat-fiqh-maliki.html#/24-edition-egyptienne_avec_harakat
105,"6,00 €",Khalil Ibn Ishaq ,776,fiqh-maliki,"L'un des textes les plus importants et les plus étudiés du Madh-hab Maliki, le Moukhtasar Khalil.100% harakat.
",https://www.sifatusafwa.com/fr/fiqh-maliki/moukhtasar-khalil-harakat-fiqh-maliki.html#/40-edition-petit_format
106,"27,90 €",Khalil Ibn Ishaq ,776,fiqh-maliki,"Voici la meilleure édition du Moukhtasar Khalil: Cette toute nouvelle édition est le fruit d'un Tahqiq très sérieux à partir de plusieurs sources manuscrites dont l'une de la plume même de l'Imam Khaiil al-Jundi. De plus la mise en page est très agréable, bien aérée et structurée ce qui est idéal pour la recherche, l'étude ou la mémorisation. Il y aussi des notes en marge sur les thèmes abordés ainsi que des annotations de bas de pages concernant les différences entre les versions et l'explication de certains passages ou termes complexes.
Un magnifique travail pour cette œuvre emblématique et incontournable du Fiqh Maliki.
",https://www.sifatusafwa.com/fr/fiqh-maliki/moukhtasar-khalil-nouvelle-édition-révisée.html
107,"65,90 €",Auteur non disponible,,fiqh-maliki,"Explication de la Risalah de Ibn Abi Zayd al-Qayrawani par Cheikh Sa'id ibn Sulayman al-Kurrami (882H), savant Malékite de la ville de Sousse au Maroc.
Cette explication a été écrite pour être facilement comprise par les étudiants et que cela leur servent pour leurs études et leurs révisions, l'auteur cite les paroles des grands savants du madhhab dans un style concis qui est idéal.
Excellente édition en 4 volumes, révisée, vérifiée et annotée par 3 étudiants pour l'obtention de leur thèse de magistère de l’université d'Agadir. Harakat en partie.
",https://www.sifatusafwa.com/fr/fiqh-maliki/mourshid-al-moubtadi-in-charh-ar-risalah-al-kourrami-fiqh-maliki.html
108,"20,90 €",Ibn Abi Zamanin ,399,fiqh-maliki,"Mountakhab al-Ahkam, ou l'Anthologie des Jugements juridiques, de l'imam Ibn Abi Zamanin al-Andaloussi est l'un des plus importants ouvrages ayant traité de la science du Fiqh des sentences juridiques, des déductions et mise en applications.
Le livre est divisé en 10 parties traitant respectivement des litiges, de la justice, du droit de préemption, la possession, le mariage, le divorce, les ventes, les vices cachés, le louage et d'autres questions. L'auteur s'est appliqué à ressortir les textes des principaux livres de Fiqh Malikite afin que le juge y trouve ce qu'il cherche sans avoir à faire de longues recherches ou avoir recours à des consultations.
En considérant l'histoire des écrits sur les Fiqh des Nawazil dans l'école Malikite, nous trouvons que Muntakhab al-Ahkam est l'un des plus importants et des plus consultés. Ibn Abi Zamanin était en son temps le Faqih le plus important de Cordoue, connu pour sa science et sa grande piété, et sa croyance saine.
",https://www.sifatusafwa.com/fr/fiqh-maliki/muntakhab-al-ahkam-de-l-imam-ibn-abi-zamanin-399h-fiqh-maliki.html#/30-edition-1_volume
109,"20,90 €",Ibn Abi Zamanin ,399,fiqh-maliki,"Mountakhab al-Ahkam, ou l'Anthologie des Jugements juridiques, de l'imam Ibn Abi Zamanin al-Andaloussi est l'un des plus importants ouvrages ayant traité de la science du Fiqh des sentences juridiques, des déductions et mise en applications.
Le livre est divisé en 10 parties traitant respectivement des litiges, de la justice, du droit de préemption, la possession, le mariage, le divorce, les ventes, les vices cachés, le louage et d'autres questions. L'auteur s'est appliqué à ressortir les textes des principaux livres de Fiqh Malikite afin que le juge y trouve ce qu'il cherche sans avoir à faire de longues recherches ou avoir recours à des consultations.
En considérant l'histoire des écrits sur les Fiqh des Nawazil dans l'école Malikite, nous trouvons que Muntakhab al-Ahkam est l'un des plus importants et des plus consultés. Ibn Abi Zamanin était en son temps le Faqih le plus important de Cordoue, connu pour sa science et sa grande piété, et sa croyance saine.
",https://www.sifatusafwa.com/fr/fiqh-maliki/muntakhab-al-ahkam-de-l-imam-ibn-abi-zamanin-399h-fiqh-maliki.html#/31-edition-2_volumes
110,"2,50 €",Auteur non disponible,,fiqh-maliki,"Mise en poème du Matn al-Akhdari dans le Fiqh Maliki, par le Cheikh Abd Allah [Abd al-Ilah] ibn Ahmad ibn al-Hajj al-Qalawi ach-Chanqiti.
Édition vérifiée et authentifiée, révisée par 5 chouyoukhs. 100% harakat.
",https://www.sifatusafwa.com/fr/fiqh-maliki/nadhm-matn-al-akhdari-ibn-al-hajj-chanqiti.html
111,"20,00 €",Auteur non disponible,,fiqh-maliki,"« Siraj as-Salik Sharh Ashal al-Masalik » de l'auteur, le Cheikh, le Faqih « ‘Othman ibn Hassanein Barri al-Ja’ali al-Maliki » est une explication de « Ashal al-Masalik li Nadhm Targhib al-Murid as-Salik », selon l’école de l'imam Malik ibn Anas -qu’ALLAH l’agrée- de son auteur « Muhammad al-Bashar ».
Il a combiné précision et facilité, ce qui fait de cette explication un juste milieu entre l'aspect ennuyeux de la longueur et la brièveté qui ne répond pas au but, de telle sorte que même une personne avec un excellent niveau dans la science ne pourrait s’en passer.
L'explication se résume à la clarification des mots et de leurs sens, à moins que l’auteur, selon le contexte, voit le fait de rallonger l’explication comme une nécessité, alors il le fait afin que le profit soit complet. Il en est de même pour l’explication et la définition des termes présents dans les noms des chapitres du livre.
Bonne édition en 2 volumes, avec l'authentification des Hadiths.
",https://www.sifatusafwa.com/fr/fiqh-maliki/siraj-as-salik-charh-as-hal-al-massalik-othman-al-jou-ali-al-maliki.html
112,"75,00 €",Auteur non disponible,,fiqh-maliki,"Il s'agit de l'unique explication publiée à ce jour à l'excellent Matn de Fiqh Maliki écrit par le Cheikh Abdul-Aziz Al-Moubarak (issu d'une grande famille de Fouqaha Malikite en Arabie) intitulé Tadrib as-Salik, qui résume Aqrab al-Masalik qui lui même résume le Moukhtasar Khalil.
La particularité du Matn de base est qu'il se veut simple et accessible, en ne donnant que les avis Mashour.
Ce Charh en 4 volumes est l’œuvre du Cheikh Mohamed Ach-Chibani ibn Muhammad ach-Chanqiti.
C'est une très belle édition, avec des annotations pour donner les références, et la préface du fils de l'auteur de Matn, le Cheikh Ahmad ibn Abdelaziz Al Mubarak.
",https://www.sifatusafwa.com/fr/fiqh-maliki/tabiyyin-al-massalik-charh-tadrib-as-salik-ila-aqrab-al-masalik-ach-chibani-ach-chanqiti.html
113,"129,00 €",Auteur non disponible,,fiqh-maliki,"Voici une explication de la Risalah de l'imam al-Qayrawani dans le Fiqh Maliki en 8 volumes (le 8ème est un sommaire de recherche par verset, hadith, vers de poésie).
Écrit par l'imam Abu al-'Abbas Ahmad al-Qalchani al-Maghribi al-Maliki (863H), c'est un charh développé de la Risalah qui rapporte les preuves et les paroles des grands imams du Madhhab.
Superbe édition, authentifiée et vérifiée, avec annotations pour le référencement correcte des hadiths et des citations présentes dans cette explication.
",https://www.sifatusafwa.com/fr/fiqh-maliki/tahrir-al-maqalah-fi-charh-ar-risalah-al-qalchani-863h.html
114,"7,00 €",Ibn Juzay ,741,fiqh-maliki,"Un célèbre texte de Usul al-Fiqh de l'école Maliki, écrit par l’Imam ibn Jouzay (741H). Ce livre est complet et simplifié à l’image de tous les livres de ibn Jouzay.
Pour compléter cette oeuvre, l'éditeur a ajouté une mise en poème intitulée Mahya’ al-Woussoul ila ‘Ilm al-Oussoul, du Qadi Abu Bakr ibn ‘Asim al-Gharnati (829H).
Les textes sont vérifiés à partir de différents manuscrits.
Belle édition en format moyen.
",https://www.sifatusafwa.com/fr/fiqh-maliki/taqrib-al-woussoul-ila-ilm-al-oussoul-ibn-jouzay.html
115,"10,00 €",Auteur non disponible,,fiqh-maliki,"Voici une explication simple et complète du Matn d'Ibn 'Achir dans le Fiqh Maliki, par l'Imam algérien Mohamed Tayeb Boussannah (mort en 1961).
Ce qui rend ce Sharh particulier, c'est qu'il rassemble le général et le détaillé, les fondements et les branches, les règles et les preuves du Coran et de la Sunna. Il se concentre sur le Mashhur de l'école Malikite.
C'est donc une belle explication pour ce poème incontournable, ni trop longue ni trop courte, mais plutôt très bénéfique.
Edition vérifiée, avec références des citations et hadiths.
",https://www.sifatusafwa.com/fr/fiqh-maliki/tawdih-ad-din-ala-mourchid-al-mou-in-cheikh-boucena.html
116,"32,90 €",Auteur non disponible,,fiqh-maliki,"Voici une box contenant 4 livrets destinés à apprendre le Fiqh de façon complète mais très pédagogique.
Chaque sujet de Fiqh est exposé sous forme de schéma avec flèches et couleurs afin de structurer la compréhension, les tenants et aboutissants des questions, les conditions, les branches etc... Vient ensuite des questions sous forme de réponses à former, de QCM ou encore des séries de questions dans un tableau invitant à cocher le Hukm correct afin de confirmer son apprentissage.
Le premier livre couvre une introduction au Fiqh en en expliquant l'histoire, les grands Imams, les écoles et leurs histoires respectives, les causes de divergences.
Le second couvre la partie du Fiqh des I'badat.
Le troisième s’intéresse aux Fiqh des Mou'amalat, de la Famille et des peines légales.
Le dernier livre comporte les règles juridiques et les Usul al-Fiqh.
Dans cette nouvelle édition, les audios et autres supports sont accessibles par QR code.
Un excellent travail supervisé par le Cheikh Amir Bahjat, extrêmement pédagogique et bien construit qui vous apprendra et vous permettra de réviser de façon simplifiée et méthodologique.
",https://www.sifatusafwa.com/fr/fiqh-maliki/étude-simplifiée-du-fiqh-de-l-imam-malik-schémas-tableaux-exercices.html
117,"49,90 €",Auteur non disponible,,fiqh-maliki,"Recueil des 'Awali de l'Imam Malik, à savoir les chaînes les plus hautes, c'est à dire les hadiths dont les chaînes sont les plus courtes (le moins de rapporteurs entre les deux) entre l'Imam Malik et le Prophète, sallallahu 'alayhi wa sallam.
Réuni par l'Imam, le Hafidh al-Hakim al-Kabir (378H).
Édition vérifiée, authentifiée et annotée, avec des tableaux récapitulant la ""hauteur"" de la chaîne du hadith. Harakat en majorité.
",https://www.sifatusafwa.com/fr/fiqh-maliki/َqa-idah-fi-tafdil-madhhab-imam-ahl-al-madina-ibn-taymiyya.html#/143-edition-syrienne_qualité_saoudienne
118,"79,00 €",Auteur non disponible,,fiqh-maliki,"Cet ouvrage réunit deux risala :- Une recherche sur la Aqida de l'imam Dar al-Hijra, Malik ibn Anas, par le professeur et cheikh Sou'oud ibn Abdel Aziz Ar-Ra'ajan, enseignant en Aqida a l’université de Médine. Cette recherche établit la foi détaillée de l'imam en citant les athars qui lui sont attribués et ce qui a été dit le concernant.- En annexe de sa risala le docteur ar-Ra'ajan nous ramène les paroles du ""Petit Malik"", l'imam al-Qayrawani, dans lesquelles il cite et établit la croyance de son modèle, l'imam Malik ibn Anas (issu de son ouvrage al-Jami').
",https://www.sifatusafwa.com/fr/fiqh-maliki/َqa-idah-fi-tafdil-madhhab-imam-ahl-al-madina-ibn-taymiyya.html#/21-edition-egyptienne
119,"12,00 €",Auteur non disponible,,hadith,"La méthodologie de l'imam Malik, rahimahullah, dans la confirmation et l'authentification de la Croyance.Cette recherche très bénéfique a été rédigée sous la direction du grand Cheikh Hammad al-Ansari, ansi que de Cheikh 'Ali al-Hudhayfi et Cheikh Abdelkarim ibn Mourad al-Athari.Elle commence par une importante biographie de l'imam, puis les fondements de l'imam, puis sa Aqida dans divers domaines tels que la Foi, les noms et attributs d'Allah, la Foi aux Messagers, le jugement de celui qui insulte le Prophète, sallallahu alayhi wa sallam, de même que les anges, les prophètes, les compagnons, les femmes du Prophète etc.Ensuite on trouve la position de l'imam Malik face aux différentes sectes telles que les Khawarij, les Rawafid, les Jahmiya, les Mourjia et les Soufis.
",https://www.sifatusafwa.com/fr/hadith/awali-al-imam-malik-al-hakim-al-kabir-378h.html
120,"7,50 €",Imam Malik ,179,minhaj-et-sectes,"Al-Fourouq de l'imam Abi al-'Abbas Ahmad ibn Idriss al-Qarafi al-Maliki (626-684H) est un livre traitant des Règles juridiques dans le madhhab de l'Imam Malik.
C'est un livre très connu sur le sujet, nécessaire, et qui est accompagné des annotations de l'Imam Ibn Chadh (643-723H).
Excellente édition en 4 volumes, vérifiée, référencée et authentifiée, avec les harakats en partie.
",https://www.sifatusafwa.com/fr/minhaj-et-sectes/la-aqida-de-l-imam-malik.html
121,"25,00 €",Imam Malik ,179,minhaj-et-sectes,"Le livre “Miftah al-Wusul ila Bina’ al-Forou’e ala al-Usul” de l’imam Abi Abd Allah ibn Ahmed al-Hassani at-Tlemceni (771H) est toujours considéré comme l’un des livres du Fiqh les plus réputés parmi les érudits de l’Afrique du Nord. Sa réputation est due aux nombreux bénéfices qu’il peut offrir aux chercheurs. L’approche du présent livre consiste à :
- Traiter les questions liées au Fiqh sur une base de Oussoul.- Étudier minutieusement les jugements et les preuves les justifiant.- Appliquer le concept de la déduction des prescriptions selon les fondements pour une meilleure compréhension de ces règles.
Excellente édition avec le Tahqiq sérieux de Cheikh Ferkous, 100% Harakat.
",https://www.sifatusafwa.com/fr/minhaj-et-sectes/manhaj-al-imam-malik-fi-ithbat-al-aqida.html
122,"62,90 €",Al-Qarafi ,684,oussoul-al-fiqh,"Ce livre est très important dans la science des Oussoul, en effet cet ouvrage est la base de nombreux ouvrages qui furent écrits après lui. C’est un résumé se basant sur 4 sources principales : Al-Oumdah du Qadhi Abdeljabbar, Al-Mou’tamad d’Abi Husayn al-Basri, Al-Bourhan de l’Imam al-Haramayn al-Jouwayni et Al-Moustasfa d’Al-Ghazali.
",https://www.sifatusafwa.com/fr/oussoul-al-fiqh/al-fourouq-imam-al-qarafi.html
123,"30,00 €",Mohamed Ferkous,,oussoul-al-fiqh,"Ce livre est très important dans la science des Oussoul, en effet cet ouvrage est la base de nombreux ouvrages qui furent écrits après lui. C’est un résumé se basant sur 4 sources principales : Al-Oumdah du Qadhi Abdeljabbar, Al-Mou’tamad d’Abi Husayn al-Basri, Al-Bourhan de l’Imam al-Haramayn al-Jouwayni et Al-Moustasfa d’Al-Ghazali.
",https://www.sifatusafwa.com/fr/oussoul-al-fiqh/miftah-al-woussoul-ila-bina-al-fourou-ala-al-oussoul-at-talmisani.html
124,"32,90 €",Al-Qarafi ,684,oussoul-al-fiqh,"Il s'agit d'un livre de Ousoul al-Fiqh selon le Madhhab Maliki, écrit par l'imam ibn Juzay, auteur des ""Qawaanin al-Fiqhiyyah"", qui figure parmi les savants Maliki connus d'Andalousie (741H).Cette édition est préparé et vérifié par cheikh Ferkous, qui dit avoir choisis ce livre entre autre pour sa simplicité et son accessibilité. Le texte est 100% harakat.
",https://www.sifatusafwa.com/fr/oussoul-al-fiqh/tanqih-al-fusul-fi-ilm-al-usul-al-qurafi-harakat.html#/33-edition-édition_1
125,"32,90 €",Al-Qarafi ,684,oussoul-al-fiqh,"3 poèmes scientifiques écrits par le Cheikh Mohamed Bay Bal'alim, professeur et Imam dans la ville de Aoulef en Algérie:
Al-Kawkab az-Zahri Nadhm Moukhtasar al-Akhdari
Ad-Dourah as-Sanniyah Mandhoumah fi 'Ilm al-Faraid
Al-Lou-Lou al-Mandhoum fi Nadhm Manthour ibn Ajroum
Belle édition grand format 100% harakat.
",https://www.sifatusafwa.com/fr/oussoul-al-fiqh/tanqih-al-fusul-fi-ilm-al-usul-al-qurafi-harakat.html#/34-edition-édition_2
126,"12,90 €",Ibn Juzay ,741,oussoul-al-fiqh,"Recueil de Fatawa sur le Jeûne, sur le mois de Ramadan et sur la Zakat al-Fitr, selon les enseignements de l’école Malikite.
Une bonne façon d'apprendre ou de réviser ce chapitre sous la forme de question-réponse.
Par deux professeurs de l’université des sciences Islamiques de Constantine, Algérie.
",https://www.sifatusafwa.com/fr/oussoul-al-fiqh/taqrib-al-wousoul-ila-ilm-al-ousoul-100-harakat.html
127,"4,50 €",Auteur non disponible,,poèmes-scientifiques-nadhm,"Une toute nouvelle édition d’une version rare du Mouwatta de l'Imam Malik, la Riwayah de Mohammed ibn al-Hassan ach-Chaybani, rare dans le sens où de nos jours la plupart des éditions publiées du Muwatta suivent la Riwayah de al-Laythi.
Cette nouvelle édition est excellente, avec une authentification du texte très sérieuse, et mise en page soignée et agréable, et des annotations utiles sur certaines significations ou sur les différences de versions du Mouwatta.
",https://www.sifatusafwa.com/fr/poèmes-scientifiques-nadhm/nadhm-mukhtasar-akhdari-nadhm-ajrumiyyah-nadhm-fil-faraid.html
128,"4,00 €",Auteur non disponible,,ramadan-siyam-et-aid,"Le célèbre Mouwatta de l'imam Malik ibn Anas, avec la vérification et la subdivision en Sahih et Da'if de Cheikh Salim al-Hilali, à l'image de la méthodologie suivie par son Cheikh al-Albani lors de ses vérifications des Sounans.
Très belle édition en 2 volumes, un large volume rassemblant les Hadith Sahih, le second volume beaucoup plus fin rassemblant les Hadith Da'if, avec les Harakat sur le texte, et des annotations pour expliquer certains mots ou phrases difficiles.
",https://www.sifatusafwa.com/fr/ramadan-siyam-et-aid/fatawa-as-siyam-wa-zakat-al-fitr-fiqh-maliki.html
129,"32,90 €",Imam Malik ,179,recueils-classiques-de-hadith,,https://www.sifatusafwa.com/fr/recueils-classiques-de-hadith/al-mouwatta-bi-riwayah-mohammed-ach-chaybani.html
130,"39,90 €",Imam Malik ,179,recueils-classiques-de-hadith,,https://www.sifatusafwa.com/fr/recueils-classiques-de-hadith/al-muwatta-de-l-imam-malik-divisé-en-sahih-et-da-if.html
131,"28,50 €",Imam Malik ,179,recueils-classiques-de-hadith,,https://www.sifatusafwa.com/fr/recueils-classiques-de-hadith/al-muwatta-de-l-imam-malik.html#/143-edition-syrienne_qualité_saoudienne
132,"28,50 €",Imam Malik ,179,recueils-classiques-de-hadith,"Recherche très utile qui nous vient du Soudan, dans laquelle son auteur a réuni plus de 150 citations provenant de 32 imams Maliki contre le Soufisme, le blâmant, montrant sa fausseté, réfutant ses erreurs dans la croyance etc...La recherche est très sérieuse, référencée et annotée, une belle réfutation aux pseudo-maliki qui veulent faire croire que la voie du madhhab est le soufisme !
",https://www.sifatusafwa.com/fr/recueils-classiques-de-hadith/al-muwatta-de-l-imam-malik.html#/23-edition-libanaise_qualité_saoudienne
133,"28,50 €",Imam Malik ,179,recueils-classiques-de-hadith,"Biographie des 4 Imams (Abu Hanifa, Malik, Shafii, Ahmad ibn Hanbal) par le Cheikh Souleyman ar-Rouhayli qui donne un aperçu rapide de leur vie, leur parcours et les principes ou spécificité de leur école.
Très belle édition, Harakat en partie, authentification et référencement des Hadiths.
",https://www.sifatusafwa.com/fr/recueils-classiques-de-hadith/al-muwatta-de-l-imam-malik.html#/24-edition-egyptienne_avec_harakat
134,"12,00 €",Auteur non disponible,,sectes-et-innovations,,https://www.sifatusafwa.com/fr/sectes-et-innovations/paroles-d-imams-maliki-sur-la-soufiya.html
135,"16,90 €",Suleyman ar-Ruhayli,,tout-le-catalogue,,https://www.sifatusafwa.com/fr/tout-le-catalogue/biographie-des-4-imams-abu-hanifa-malik-shafii-ahmad-s-ruhayli.html
