index_col,Titre_ar,Titre_fr,Auteur,Pages,Édition,Couverture,Format,Harakat,Volumes,Vérification et préparation,Préface,Annotations,site
0,فتاوى علماء المالكية في تقرير عقيدة أهل السنة والجماعة,fatawa-ulema-al-malikiyah-fi-taqrir-aqidah-ahl-as-sounnah.html,د. فاضل بن نورالدين الإمام,871,دار التوحيد للنشر,Rigide,17x24cm,Pas ou peu (ou que sur le Matn),,,,,https://www.sifatusafwa.com/fr/aqida-croyance/fatawa-ulema-al-malikiyah-fi-taqrir-aqidah-ahl-as-sounnah.html
1,جهود المالكية في تقرير توحيد العبادة,jouhoud-al-malikiyah-fi-taqrir-tawhid-al-ibadah.html,د. عبد الله بن فهد العرفج,487,دار التوحيد للنشر,Rigide,17x24cm,Pas ou peu (ou que sur le Matn),,,,,https://www.sifatusafwa.com/fr/aqida-croyance/jouhoud-al-malikiyah-fi-taqrir-tawhid-al-ibadah.html
2,ملامح من حياة الإمام مالك ، إمام دار الهجرة وصاحب المذهب المالكي,malamih-min-hayat-al-imam-malik-ahmad-taha-rayan.html,د. أحمد علي طه ريان,103,دار الفضيلة القاهرة,Souple,17x24cm,Pas ou peu (ou que sur le Matn),,,,,https://www.sifatusafwa.com/fr/biographies/malamih-min-hayat-al-imam-malik-ahmad-taha-rayan.html
3,مالك بن أنس (سير أئمة المذاهب),malik-ibn-anas-sirah-a-immah-al-madhahib-al-arba-ah.html,عبد الغني الدقر,359,دار القلم,Rigide,17x24cm,Pas ou peu (ou que sur le Matn),,,,,https://www.sifatusafwa.com/fr/biographies/malik-ibn-anas-sirah-a-immah-al-madhahib-al-arba-ah.html
4,ترتيب المدارك وتقريب المسالك لمعرفة أعلام مذهب مالك,tartib-al-madarik-wa-taqrib-al-masalik-li-ma-rifat-a-lam-madhhab-malik.html,القاضي عياض,2051,مؤسسة الرسالة,Rigide,17x24cm,En Partie,4,,,,https://www.sifatusafwa.com/fr/biographies/tartib-al-madarik-wa-taqrib-al-masalik-li-ma-rifat-a-lam-madhhab-malik.html
5,بلوغ الأماني بشرح عقيدة ابن أبي زيد القيرواني,charh-aqidah-ibn-abi-zayd-al-qayrawani-cheikh-an-najmi.html,الشيخ أحمد بن يحيى النجمي,160,دار المنهاج,Souple,17x24cm,Pas ou peu (ou que sur le Matn),,,,,https://www.sifatusafwa.com/fr/explications-de-livres-de-aqida/charh-aqidah-ibn-abi-zayd-al-qayrawani-cheikh-an-najmi.html
6,المنة بشرح أصول السنة للإمام ابن أبي زمنين,charh-usul-as-sunnah-lil-imam-ibn-abi-zamanin-zayd-al-madkhali.html,الشيخ زيد بن محمد المدخلي,300,الميراث النبوي,Rigide,17x24cm,Pas ou peu (ou que sur le Matn),,,,,https://www.sifatusafwa.com/fr/explications-de-livres-de-aqida/charh-usul-as-sunnah-lil-imam-ibn-abi-zamanin-zayd-al-madkhali.html
7,التمهيد لما في الموطا من معاني الأسانيد,at-tamhid-charh-al-muwatta-de-l-imam-ibn-abdil-barr.html#,الحافظ ابن عبد البر,,,Rigide,17x24cm,En Majorité ou en Totalité,18,,,,https://www.sifatusafwa.com/fr/explications-de-recueils/at-tamhid-charh-al-muwatta-de-l-imam-ibn-abdil-barr.html#/21-edition-egyptienne
8,التمهيد لما في الموطا من معاني الأسانيد,at-tamhid-charh-al-muwatta-de-l-imam-ibn-abdil-barr.html#,الحافظ ابن عبد البر,,,Rigide,17x24cm,En Majorité ou en Totalité,18,,,,https://www.sifatusafwa.com/fr/explications-de-recueils/at-tamhid-charh-al-muwatta-de-l-imam-ibn-abdil-barr.html#/23-edition-libanaise_qualité_saoudienne
9,القبس في شرح موطأ مالك بن أنس,kitab-al-qabas-fi-charh-muwatta-malik-ibn-anas-ibnul-arabi-al-maliki.html#,الإمام أبو بكر ابن العربي المالكي,,,Rigide,17x24cm,Pas ou peu (ou que sur le Matn),,,,,https://www.sifatusafwa.com/fr/explications-de-recueils/kitab-al-qabas-fi-charh-muwatta-malik-ibn-anas-ibnul-arabi-al-maliki.html#/21-edition-egyptienne
10,القبس في شرح موطأ مالك بن أنس,kitab-al-qabas-fi-charh-muwatta-malik-ibn-anas-ibnul-arabi-al-maliki.html#,الإمام أبو بكر ابن العربي المالكي,,,Rigide,17x24cm,Pas ou peu (ou que sur le Matn),,,,,https://www.sifatusafwa.com/fr/explications-de-recueils/kitab-al-qabas-fi-charh-muwatta-malik-ibn-anas-ibnul-arabi-al-maliki.html#/22-edition-saoudienne
11,مشارق الأنوار على صحاح الآثار,machariq-al-anwar-ala-sahih-al-athar-al-qadhi-iyyad.html,القاضي عياض,2208,دار القلم,Rigide,17x24cm,En Majorité ou en Totalité,3,صالح الشامي,,,https://www.sifatusafwa.com/fr/explications-de-recueils/machariq-al-anwar-ala-sahih-al-athar-al-qadhi-iyyad.html
12,محاضرات في شرح الموطأ,mouhadarat-fi-charh-al-mouwatta-dr-ilyes-dardour.html,د. إلياس دردور,,دار ابن حزم,Rigide,17x24cm,Pas ou peu (ou que sur le Matn),,,,,https://www.sifatusafwa.com/fr/explications-de-recueils/mouhadarat-fi-charh-al-mouwatta-dr-ilyes-dardour.html
13,الفقه المالكي وأدلته,al-fiqh-al-maliki-wa-adillatuhu-préface-ahmad-taha-rayan.html,د. رمضان حافظ عبد الرحمن,2398,دار السلام,Rigide,17x24cm,Pas ou peu (ou que sur le Matn),4,,د. أحمد علي طه ريان,,https://www.sifatusafwa.com/fr/fiqh-ahkam/al-fiqh-al-maliki-wa-adillatuhu-préface-ahmad-taha-rayan.html
14,شرح بداية المجتهد ونهاية المقتصد وبهامشه السبيل المرشد,charh-bidayah-al-mujtahid-wa-nihayah-al-muqtasid-abdullah-al-abadi.html,د. عبد الله العبادي,2328,دار السلام,Rigide,17x24cm,Pas ou peu (ou que sur le Matn),4,,,,https://www.sifatusafwa.com/fr/fiqh-ahkam/charh-bidayah-al-mujtahid-wa-nihayah-al-muqtasid-abdullah-al-abadi.html
15,هداية المتعبد السالك في مذهب الإمام مالك شرح مختصر العلامة الأخضري,hidayah-al-muta-abid-as-salik-charh-al-akhdari-abdessami-al-abi.html,العلامة صالح بن عبد السميع الآبي الأزهري المالكي,144,دار الفضيلة القاهرة,Souple,17x24cm,,,الشيخ أحمد مصطفى الطهطاوي,,,https://www.sifatusafwa.com/fr/fiqh-ahkam/hidayah-al-muta-abid-as-salik-charh-al-akhdari-abdessami-al-abi.html
16,مدخل إلى أصول الفقه المالكي,introduction-au-fondements-du-fiqh-maliki-usul-fiqh.html,محمد المختار ولد أباه,297,دار ابن حزم,Rigide,17x24cm,Pas ou peu (ou que sur le Matn),,,,,https://www.sifatusafwa.com/fr/fiqh-ahkam/introduction-au-fondements-du-fiqh-maliki-usul-fiqh.html
17,إتحاف ذوي الهمم العالية بشرح العشماوية,ithaf-dhawi-al-himam-al-aliyah-bi-charh-al-achmawiyah-al-ghumari.html,عبد العزيز الصديق الغماري,164,دار البشائر الإسلامية,Souple,14x20cm,Pas ou peu (ou que sur le Matn),,,,,https://www.sifatusafwa.com/fr/fiqh-ahkam/ithaf-dhawi-al-himam-al-aliyah-bi-charh-al-achmawiyah-al-ghumari.html
18,سجود السهو أو ترقيع الصلاة في المذهب المالكي,les-prosternations-de-distraction-dans-le-madhhab-maliki.html,الشيخ أحمد مصطفى الطهطاوي,160,دار الفضيلة القاهرة,Souple,12x17cm,Pas ou peu (ou que sur le Matn),,,,,https://www.sifatusafwa.com/fr/fiqh-ahkam/les-prosternations-de-distraction-dans-le-madhhab-maliki.html
19,مختصر في العبادات على المذهب المالكي (متن الأخضري),matn-al-akhdari-mukhtasar-fi-al-ibadat-ala-madhhab-al-maliki.html,عبد الرحمن بن محمد الصغير الأخضري,77,إبداع - دار ابن الجوزي القاهرة,Souple,14x20cm,En Majorité ou en Totalité,,,,,https://www.sifatusafwa.com/fr/fiqh-ahkam/matn-al-akhdari-mukhtasar-fi-al-ibadat-ala-madhhab-al-maliki.html
20,مبطلات الصلاة على المذهب المالكي,mubtilat-as-salat-ala-al-madhhab-al-maliki.html,أحمد مصطفى الطهطاوي,272,دار الفضيلة القاهرة,Souple,12x17cm,Pas ou peu (ou que sur le Matn),,,,,https://www.sifatusafwa.com/fr/fiqh-ahkam/mubtilat-as-salat-ala-al-madhhab-al-maliki.html
21,تبصرة الحكام في أصول الأقضية ومناهج الأحكام,tabsirah-al-hukkam-fi-usul-al-aqdhiyyah-ibn-farhun-799h.html,ابن فرحون المالكي,2013,دار القلم,Rigide,17x24cm,En Majorité ou en Totalité,3,د. عثمان ضميرية,,,https://www.sifatusafwa.com/fr/fiqh-ahkam/tabsirah-al-hukkam-fi-usul-al-aqdhiyyah-ibn-farhun-799h.html
22,بداية المجتهد ونهاية المقتصد,bidayah-al-mujtahid-wa-nihaya-al-muqtassid-ibn-rushd.html#,أبو الوليد ابن رشد الحفيد,,,Rigide,17x24cm,Pas ou peu (ou que sur le Matn),,,,,https://www.sifatusafwa.com/fr/fiqh-généraliste/bidayah-al-mujtahid-wa-nihaya-al-muqtassid-ibn-rushd.html#/30-edition-1_volume
23,بداية المجتهد ونهاية المقتصد,bidayah-al-mujtahid-wa-nihaya-al-muqtassid-ibn-rushd.html#,أبو الوليد ابن رشد الحفيد,,,Rigide,17x24cm,Pas ou peu (ou que sur le Matn),,,,,https://www.sifatusafwa.com/fr/fiqh-généraliste/bidayah-al-mujtahid-wa-nihaya-al-muqtassid-ibn-rushd.html#/39-edition-4_volumes
24,فقه السنة على المذهب المالكي,fiqh-as-sounnah-ala-madhhab-al-maliki-2-volumes.html,د. محمد القياتي,1475,مكتبة المشارق,Rigide,17x24cm,,2,,الشيخ أحمد مصطفى الطهطاوي,,https://www.sifatusafwa.com/fr/fiqh-généraliste/fiqh-as-sounnah-ala-madhhab-al-maliki-2-volumes.html
25,كتاب الفقه على المذاهب الأربعة,kitab-al-fiqh-ala-al-madhahib-al-arba-a-abderrahman-al-djazairi.html,عبد الرحمن بن محمد عوض الجزيري,1415,دار ابن حزم,Rigide,17x24cm,Pas ou peu (ou que sur le Matn),,,,,https://www.sifatusafwa.com/fr/fiqh-généraliste/kitab-al-fiqh-ala-al-madhahib-al-arba-a-abderrahman-al-djazairi.html
26,عمل أهل المدينة عند المالكية وعلاقته بالأدلة الكلية,-amal-ahl-al-madinah-inda-al-malikiyyah.html,الدكتور إلياس دردور,466,دار ابن حزم,Rigide,17x24cm,Pas ou peu (ou que sur le Matn),,,,,https://www.sifatusafwa.com/fr/fiqh-maliki/-amal-ahl-al-madinah-inda-al-malikiyyah.html
27,العرف الناشر في شرح وأدلة فقه متن ابن عاشر في الفقه المالكي,al-arf-an-nachir-fi-charh-wa-adillat-fiqhi-matn-ibn-achir.html,المختار بن العربي مؤمن الجزائري الشنقيطي,437,دار ابن حزم,Rigide,17x24cm,Pas ou peu (ou que sur le Matn),,,,,https://www.sifatusafwa.com/fr/fiqh-maliki/al-arf-an-nachir-fi-charh-wa-adillat-fiqhi-matn-ibn-achir.html
28,الشرح الصغير على أقرب المسالك إلى مذهب الإمام مالك,al-charh-al-saghir-ala-aqrab-al-masalik-ad-dardir-ta-aliqat-al-sawi-al-mubarak.html#,الشيخ أبو البركات أحمد الدردير,,,Rigide,17x24cm,Pas ou peu (ou que sur le Matn),,,,بلغة السالك إلى أقرب المسالك للشيخ أحمد الصاوي ويليه التعليق الحاوي لبعض البحوث على حاشية الصاوي للشيخ محمد بن إبراهيم المبارك,https://www.sifatusafwa.com/fr/fiqh-maliki/al-charh-al-saghir-ala-aqrab-al-masalik-ad-dardir-ta-aliqat-al-sawi-al-mubarak.html#/51-edition-5_volumes
29,الشرح الصغير على أقرب المسالك إلى مذهب الإمام مالك,al-charh-al-saghir-ala-aqrab-al-masalik-ad-dardir-ta-aliqat-al-sawi-al-mubarak.html#,الشيخ أبو البركات أحمد الدردير,,,Rigide,17x24cm,Pas ou peu (ou que sur le Matn),,,,بلغة السالك إلى أقرب المسالك للشيخ أحمد الصاوي ويليه التعليق الحاوي لبعض البحوث على حاشية الصاوي للشيخ محمد بن إبراهيم المبارك,https://www.sifatusafwa.com/fr/fiqh-maliki/al-charh-al-saghir-ala-aqrab-al-masalik-ad-dardir-ta-aliqat-al-sawi-al-mubarak.html#/87-edition-8_volumes
30,الدر الثمين والمورد المعين في شرح المرشد المعين على الضوروي من علوم الدين لابن عاشر ـ الشهير بميارة الكبرى,al-durar-al-thamin-wa-l-mawrid-al-muin-al-mayyarah.html,محمد بن أحمد ميارة المالكي,1072,دار ابن حزم,,,,2,د. رابح زرواتي,,,https://www.sifatusafwa.com/fr/fiqh-maliki/al-durar-al-thamin-wa-l-mawrid-al-muin-al-mayyarah.html
31,الفقه الميسر على مذهب الإمام مالك بن أنس,al-fiqh-al-muyassar-ala-madhhab-imam-dar-al-hijra-malik-ibn-anas.html,عبد المعطي طليمات,260,دار ابن حزم,Souple,17x24cm,Pas ou peu (ou que sur le Matn),,,د. الشيخ محمد التاويل,,https://www.sifatusafwa.com/fr/fiqh-maliki/al-fiqh-al-muyassar-ala-madhhab-imam-dar-al-hijra-malik-ibn-anas.html
32,الجامع لمسائل المدونة المسمى مصحف المذهب المالكي,al-jami-li-masa-il-al-mudawwanah-ibn-yunus-as-siqilli-451h.html,ابن يونس الصقلي,5520,إبداع - دار ابن الجوزي القاهرة,Rigide,17x24cm,Pas ou peu (ou que sur le Matn),10,,,,https://www.sifatusafwa.com/fr/fiqh-maliki/al-jami-li-masa-il-al-mudawwanah-ibn-yunus-as-siqilli-451h.html
33,الكافي في الفقه على مذهب أهل المدينة,al-kafi-fi-fiqh-ala-madh-hab-ahl-al-medina-ibn-abdel-barr-fiqh-maliki.html#,الحافظ ابن عبد البر,,,Rigide,17x24cm,Pas ou peu (ou que sur le Matn),,,,,https://www.sifatusafwa.com/fr/fiqh-maliki/al-kafi-fi-fiqh-ala-madh-hab-ahl-al-medina-ibn-abdel-barr-fiqh-maliki.html#/31-edition-2_volumes
34,الكافي في الفقه على مذهب أهل المدينة,al-kafi-fi-fiqh-ala-madh-hab-ahl-al-medina-ibn-abdel-barr-fiqh-maliki.html#,الحافظ ابن عبد البر,,,Rigide,17x24cm,Pas ou peu (ou que sur le Matn),,,,,https://www.sifatusafwa.com/fr/fiqh-maliki/al-kafi-fi-fiqh-ala-madh-hab-ahl-al-medina-ibn-abdel-barr-fiqh-maliki.html#/38-edition-3_volumes
35,الخلاصة الفقهية على مذهب السادة المالكية,al-khulasah-al-fiqhiyyah-ala-madhhab-al-malikiyyah-100-harakat.html,ابن النجار الدمياطي,1185,دار التقوى,Rigide,17x24cm,En Majorité ou en Totalité,2,,,,https://www.sifatusafwa.com/fr/fiqh-maliki/al-khulasah-al-fiqhiyyah-ala-madhhab-al-malikiyyah-100-harakat.html
36,المدخل إلى مختصر خليل بن إسحاق المالكي أو سلوة المشتاق في الكلام عن خليل بن إسحاق,al-madkhal-ila-moukhtassar-khalil.html,بشير ضيف بن أبي بكر الجزائري,95,دار ابن حزم,Souple,17x24cm,Pas ou peu (ou que sur le Matn),,,,,https://www.sifatusafwa.com/fr/fiqh-maliki/al-madkhal-ila-moukhtassar-khalil.html
37,المناهل الزلالة في شرح وأدلة الرسالة لابن أبي زيد القيرواني,al-manahil-az-zulalah-fi-charh-adillah-ar-risalah-al-qayrawaniya.html,المختار بن العربي مؤمن الجزائري الشنقيطي,2346,دار ابن حزم,Rigide,17x24cm,Pas ou peu (ou que sur le Matn),4,,,,https://www.sifatusafwa.com/fr/fiqh-maliki/al-manahil-az-zulalah-fi-charh-adillah-ar-risalah-al-qayrawaniya.html
38,المنهجية الفقهية في مؤلفات المذهب المالكي,al-manhajiya-al-fiqhiya-fi-mouallafat-al-madhhab-al-maliki.html,,801,دار ابن حزم,,,,2,,,,https://www.sifatusafwa.com/fr/fiqh-maliki/al-manhajiya-al-fiqhiya-fi-mouallafat-al-madhhab-al-maliki.html
39,المسائل التي بناها الإمام مالك على عمل أهل المدينة - توثيقاً ودراسة,al-masail-allati-banaha-al-imam-malik-ala-amal-ahl-al-madina.html,د. محمد المديني بوساق,1567,دار ابن حزم,Rigide,17x24cm,Pas ou peu (ou que sur le Matn),3,,,,https://www.sifatusafwa.com/fr/fiqh-maliki/al-masail-allati-banaha-al-imam-malik-ala-amal-ahl-al-madina.html
40,مختصر الدر الثمين والمورد المعين ـ المسماة ميارة الصغرى,al-mayyarah-as-soughrah-moukhtasar-al-durar-al-thamin-al-mayyarah.html,العلامة محمد بن أحمد بن محمد ميارة المالكي,330,دار ابن حزم,Rigide,17x24cm,Pas ou peu (ou que sur le Matn),,د. رابح زرواتي,,,https://www.sifatusafwa.com/fr/fiqh-maliki/al-mayyarah-as-soughrah-moukhtasar-al-durar-al-thamin-al-mayyarah.html
41,المنح الإلهية في شرح العشماوية في الفقه المالكي,al-minah-al-ilahiyah-fi-charh-al-achmawiyah-al-fichi-972h.html,العلامة محمد بن محمد بن أحمد الفيشي المالكي,484,دار ابن حزم,Rigide,17x24cm,Pas ou peu (ou que sur le Matn),,أحمد مصطفى الطهطاوي,,,https://www.sifatusafwa.com/fr/fiqh-maliki/al-minah-al-ilahiyah-fi-charh-al-achmawiyah-al-fichi-972h.html
42,المسك الأذفري في شرح وأدلة فقه متن الأخضري,al-misk-al-adhfari-fi-charh-wa-adilla-fiqh-matn-al-akhdari-mokhtar-chanqiti.html,المختار بن العربي الجزائري الشنقيطي,422,دار ابن حزم,Rigide,17x24cm,Pas ou peu (ou que sur le Matn),,,,,https://www.sifatusafwa.com/fr/fiqh-maliki/al-misk-al-adhfari-fi-charh-wa-adilla-fiqh-matn-al-akhdari-mokhtar-chanqiti.html
43,المعاملات في الفقه المالكي,al-mou-amalat-fi-al-fiqh-al-maliki-sadiq-al-ghariani.html,الصادق بن عبد الرحمن الغرياني,333,دار ابن حزم,Rigide,17x24cm,Pas ou peu (ou que sur le Matn),,,,,https://www.sifatusafwa.com/fr/fiqh-maliki/al-mou-amalat-fi-al-fiqh-al-maliki-sadiq-al-ghariani.html
44,المدونة والمختلطة في فروع المالكية,al-moudawanah-fi-fourou-al-malikiyah-sahnoun.html#,الإمام سحنون بن سعيد التنوحي المالكي,,,Rigide,17x24cm,En Majorité ou en Totalité,,,,,https://www.sifatusafwa.com/fr/fiqh-maliki/al-moudawanah-fi-fourou-al-malikiyah-sahnoun.html#/33-edition-édition_1
45,المدونة والمختلطة في فروع المالكية,al-moudawanah-fi-fourou-al-malikiyah-sahnoun.html#,الإمام سحنون بن سعيد التنوحي المالكي,,,Rigide,17x24cm,En Majorité ou en Totalité,,,,,https://www.sifatusafwa.com/fr/fiqh-maliki/al-moudawanah-fi-fourou-al-malikiyah-sahnoun.html#/34-edition-édition_2
46,المهذّب من الفقه المالكي وأدلته,al-mouhadhdhab-min-al-fiqh-al-maliki-wa-adillatih.html,محمد سكحال المجّاجي,1637,دار القلم,Rigide,17x24cm,En Partie,3,,,,https://www.sifatusafwa.com/fr/fiqh-maliki/al-mouhadhdhab-min-al-fiqh-al-maliki-wa-adillatih.html
47,المختصر الصغير لابن عبد الحكم ـ خلافيات في الفقه,al-moukhtasar-as-saghir-li-ibn-abdelhakam-khilafiyat-fil-fiqh.html,الإمام أبو محمد عبد الله بن عبد الحكم المصري المالكي رواية أبي عبد الله البرقي,603,دار ابن عفان,Rigide,17x24cm,Pas ou peu (ou que sur le Matn),,عمر علي أبي بكر زاريا,,,https://www.sifatusafwa.com/fr/fiqh-maliki/al-moukhtasar-as-saghir-li-ibn-abdelhakam-khilafiyat-fil-fiqh.html
48,المختصر الفقهي,al-moukhtassar-al-fiqhi-de-ibn-arafah-803h-fiqh-maliki.html,الإمام ابن عرفة التونسي المالكي,,دار ابن حزم,Rigide,17x24cm,Pas ou peu (ou que sur le Matn),16,أبو الفضل أحمد بن علي الدمياطي,الشيخ أحمد منصور سبالك و الشيخ حمدي عبد المنعم شلبي,,https://www.sifatusafwa.com/fr/fiqh-maliki/al-moukhtassar-al-fiqhi-de-ibn-arafah-803h-fiqh-maliki.html
49,شرح المقدمة القرطبية ليحيى القرطبي,al-muqaddimah-al-qurtubiyyah-bi-charh-cheikh-zarrouk-el-bernoussi.html,الشيخ أحمد زروق البرنسي,334,دار ابن حزم,Rigide,17x24cm,Pas ou peu (ou que sur le Matn),,د. أحسن زقور,,,https://www.sifatusafwa.com/fr/fiqh-maliki/al-muqaddimah-al-qurtubiyyah-bi-charh-cheikh-zarrouk-el-bernoussi.html
50,الوصول إلى معرفة الأصول,al-usul-fi-ma-rifah-al-usul-risalah-fi-usul-ad-din-ibn-al-arabi.html,الإمام أبو بكر ابن العربي المالكي,172,دار الفتح,Rigide,17x24cm,Pas ou peu (ou que sur le Matn),,,,,https://www.sifatusafwa.com/fr/fiqh-maliki/al-usul-fi-ma-rifah-al-usul-risalah-fi-usul-ad-din-ibn-al-arabi.html
51,النور المبين على المرشد المعين,an-nour-al-moubin-ala-al-mourchid-al-mou-in-fiqh-maliki-90-harakat.html,الشيخ محمد بن يوسف الكافي,366,دار ابن حزم,Rigide,17x24cm,En Majorité ou en Totalité,,,,,https://www.sifatusafwa.com/fr/fiqh-maliki/an-nour-al-moubin-ala-al-mourchid-al-mou-in-fiqh-maliki-90-harakat.html
52,أقرب المسالك إلى مذهب الإمام مالك,aqrab-al-masalik-li-madhhab-al-imam-malik-ad-dardir-harakat.html#,الإمام الدردير,,دار ابن حزم,,,En Majorité ou en Totalité,,,,,https://www.sifatusafwa.com/fr/fiqh-maliki/aqrab-al-masalik-li-madhhab-al-imam-malik-ad-dardir-harakat.html#/40-edition-petit_format
53,أقرب المسالك إلى مذهب الإمام مالك,aqrab-al-masalik-li-madhhab-al-imam-malik-ad-dardir-harakat.html#,الإمام الدردير,,دار ابن حزم,,,En Majorité ou en Totalité,,,,,https://www.sifatusafwa.com/fr/fiqh-maliki/aqrab-al-masalik-li-madhhab-al-imam-malik-ad-dardir-harakat.html#/42-edition-grand_format
54,نظم أسهل المسالك في مذهب الإمام مالك,ashal-al-masalik-fi-madhhab-al-imam-malik-muhammad-al-bashar.html,الشيخ محمد البشار الرشيدي,128,مكتبة المشارق,Souple,12x17cm,En Majorité ou en Totalité,,د. محمد القياتي,,,https://www.sifatusafwa.com/fr/fiqh-maliki/ashal-al-masalik-fi-madhhab-al-imam-malik-muhammad-al-bashar.html
55,التعارض بين الراجح والمشهور في المذهب المالكي,at-taaroud-bayna-ar-rajih-wa-l-machhour-fi-l-madhhab-al-maliki.html,قطب الريسوني,157,دار ابن حزم,Souple,17x24cm,Pas ou peu (ou que sur le Matn),,,,,https://www.sifatusafwa.com/fr/fiqh-maliki/at-taaroud-bayna-ar-rajih-wa-l-machhour-fi-l-madhhab-al-maliki.html
56,التبصرة,at-tabsirah-al-lakhmi-408h-14-volumes-fiqh-maliki.html,أبو الحسن علي بن محمد اللخمي,,,Rigide,17x24cm,Pas ou peu (ou que sur le Matn),14,,,,https://www.sifatusafwa.com/fr/fiqh-maliki/at-tabsirah-al-lakhmi-408h-14-volumes-fiqh-maliki.html
57,التاج والإكليل لمختصر خليل,at-taj-wa-al-iklil-li-moukhtasar-khalil-al-mawwaq-al-maliki.html,العلامة المواق الغرناطي,,دار ابن حزم,Rigide,17x24cm,Pas ou peu (ou que sur le Matn),5,د. رابح زرواتي,,,https://www.sifatusafwa.com/fr/fiqh-maliki/at-taj-wa-al-iklil-li-moukhtasar-khalil-al-mawwaq-al-maliki.html
58,التوضيح شرح مختصر ابن الحاجب,at-tawdih-fi-charh-al-mukhtasar-ibn-al-hajib-imam-khalil.html,الإمام خليل بن إسحاق الجندي المالكي,,دار ابن حزم,Rigide,17x24cm,En Partie,6,أبو الفضل الدمياطي,,,https://www.sifatusafwa.com/fr/fiqh-maliki/at-tawdih-fi-charh-al-mukhtasar-ibn-al-hajib-imam-khalil.html
59,الثمر الداني شرح رسالة ابن أبي زيد القيرواني,ath-thamar-ad-dani-charh-risala-ibn-abi-zayd-al-qayrawani.html#,الشيخ صالح عبد السميع الآبي الأزهري,,,Rigide,17x24cm,Pas ou peu (ou que sur le Matn),,,,,https://www.sifatusafwa.com/fr/fiqh-maliki/ath-thamar-ad-dani-charh-risala-ibn-abi-zayd-al-qayrawani.html#/23-edition-libanaise_qualité_saoudienne
60,الثمر الداني شرح رسالة ابن أبي زيد القيرواني,ath-thamar-ad-dani-charh-risala-ibn-abi-zayd-al-qayrawani.html#,الشيخ صالح عبد السميع الآبي الأزهري,,,Rigide,17x24cm,Pas ou peu (ou que sur le Matn),,,,,https://www.sifatusafwa.com/fr/fiqh-maliki/ath-thamar-ad-dani-charh-risala-ibn-abi-zayd-al-qayrawani.html#/24-edition-egyptienne_avec_harakat
61,الجواهر الزكية شرح العشماوية في الفقه المالكي,charh-al-achmawiya-al-jawahir-az-zakiya-ibn-turki-al-maliki-979h.html,العلامة أحمد بن تركي المالكي,208,دار الرسالة,Souple,17x24cm,Pas ou peu (ou que sur le Matn),,أحمد مصطفى الطهطاوي,,,https://www.sifatusafwa.com/fr/fiqh-maliki/charh-al-achmawiya-al-jawahir-az-zakiya-ibn-turki-al-maliki-979h.html
62,شرح عقيدة مالك الصغير ابن أبي زيد القيرواني,charh-aqidah-malik-as-saghir-al-qayrawani-al-qadi-abdelwahhab.html,القاضي عبد الوهاب بن نصر البغدادي,344,الرابطة المحمدية للعلماء في المغرب,Rigide,17x24cm,Pas ou peu (ou que sur le Matn),,,,,https://www.sifatusafwa.com/fr/fiqh-maliki/charh-aqidah-malik-as-saghir-al-qayrawani-al-qadi-abdelwahhab.html
63,شرح الزرقاني على موطأ الإمام مالك,charh-az-zarqani-ala-mouwatta-al-imam-malik.html,محمد بن عبد الباقي الزرقاني,2280,إبداع - دار ابن الجوزي القاهرة,Rigide,17x24cm,En Partie,4,,,,https://www.sifatusafwa.com/fr/fiqh-maliki/charh-az-zarqani-ala-mouwatta-al-imam-malik.html
64,شرح منظومة ابن عاشر في الفقه المالكي,charh-mandhouma-ibn-achir-fi-fiqh-al-maliki-ahmad-mustafa-at-tahtawi.html,الشيخ أحمد مصطفى الطهطاوي,96,دار الفضيلة القاهرة,Souple,17x24cm,Pas ou peu (ou que sur le Matn),,,,,https://www.sifatusafwa.com/fr/fiqh-maliki/charh-mandhouma-ibn-achir-fi-fiqh-al-maliki-ahmad-mustafa-at-tahtawi.html
65,الفتح الرباني على نظم رسالة ابن أبي زيد القيرواني,charh-nadhm-risalah-al-qayrawani-ala-al-madhahib-al-arba-a.html,العلامة محمد أحمد الداه الشنقيطي,832,دار ابن حزم,Rigide,17x24cm,Pas ou peu (ou que sur le Matn),2,د. علي بن حمزة العمري,د. عبد الله بن بيه ود. خلدون الأحدب,,https://www.sifatusafwa.com/fr/fiqh-maliki/charh-nadhm-risalah-al-qayrawani-ala-al-madhahib-al-arba-a.html
66,مختصر خليل - شفاء الغليل في حل مقفل خليل,chifaa-al-ghalil-annotations-au-moukhtasar-khalil-ibn-ghazi-909h.html,ابن غازي,887,دار الحديث,Rigide,17x24cm,Pas ou peu (ou que sur le Matn),,,,,https://www.sifatusafwa.com/fr/fiqh-maliki/chifaa-al-ghalil-annotations-au-moukhtasar-khalil-ibn-ghazi-909h.html
67,دليل السالك على أسهل المسالك,dalil-as-salik-ala-as-hal-al-massalik-houssain-as-soulaymani.html,لحسن بن محمد سليماني,613,دار ابن حزم,Rigide,17x24cm,Pas ou peu (ou que sur le Matn),,,,,https://www.sifatusafwa.com/fr/fiqh-maliki/dalil-as-salik-ala-as-hal-al-massalik-houssain-as-soulaymani.html
68,حاشية العلامة الصفتي المالكي على الجواهر الزكية في حل ألفاظ العشماوية للإمام ابن التركي,explication-de-al-achmawiya-ibn-turki-as-safti-fiqh-maliki.html,العلامة الصفتي والإمام ابن التركي,879,دار ابن حزم,Rigide,17x24cm,En Partie,2,الشيخ أحمد مصطفى الطهطاوي,,,https://www.sifatusafwa.com/fr/fiqh-maliki/explication-de-al-achmawiya-ibn-turki-as-safti-fiqh-maliki.html
69,فتاوى ابن سحنون,fatawa-ibn-sahnoun-al-imam-al-qayrawani-al-maliki-256h.html,الإمام محمد بن سحنون,568,دار ابن عفان,Rigide,17x24cm,Pas ou peu (ou que sur le Matn),,مصطفى محمود الأزهري,,,https://www.sifatusafwa.com/fr/fiqh-maliki/fatawa-ibn-sahnoun-al-imam-al-qayrawani-al-maliki-256h.html
70,فقه العبادات وأدلته على مذهب السادة المالكية,fiqh-al-ibadat-wa-adillah-ala-madhhab-sadah-al-malikiyah.html,أحسن زقور,684,دار ابن حزم,Rigide,17x24cm,Pas ou peu (ou que sur le Matn),,,,,https://www.sifatusafwa.com/fr/fiqh-maliki/fiqh-al-ibadat-wa-adillah-ala-madhhab-sadah-al-malikiyah.html
71,حاشية العلامة الدسوقي على الشرح الكبير للإمام الدردير ومعها تقريرات العلامة عِلِيش,hachiyah-ad-dousouqi-ala-ach-charh-al-kabir-fiqh-maliki.html,العلامة الدسوقي,,دار ابن حزم,Rigide,17x24cm,En Majorité ou en Totalité,15,أحمد بن علي الدمياطي,,,https://www.sifatusafwa.com/fr/fiqh-maliki/hachiyah-ad-dousouqi-ala-ach-charh-al-kabir-fiqh-maliki.html
72,حاشية ابن حمدون على شرح الميارة,hachiyah-ibn-hamdoun-ala-charh-al-mayyarah.html,ابن حمدون,800,إبداع - دار ابن الجوزي القاهرة,Rigide,17x24cm,Pas ou peu (ou que sur le Matn),,,,,https://www.sifatusafwa.com/fr/fiqh-maliki/hachiyah-ibn-hamdoun-ala-charh-al-mayyarah.html
73,حاشية الإمام شرف الدين الطخيخي على مختصر خليل المسماة: الدرر على بعض مسائل المختصر,hachiyyah-charaf-ad-din-at-toukhaykhi-ala-moukhtasar-khalil.html,شرف الدين موسى بن ميمون الطخيخي,2114,دار ابن حزم,Rigide,17x24cm,Pas ou peu (ou que sur le Matn),4,,,,https://www.sifatusafwa.com/fr/fiqh-maliki/hachiyyah-charaf-ad-din-at-toukhaykhi-ala-moukhtasar-khalil.html
74,إيضاح المسالك إلى قواعد الإمام أبي عبد الله مالك,idah-al-masalik-ila-qawa-id-al-imam-malik-al-wansharisi.html,الإمام أحمد بن يحيى الونشريسي,226,دار ابن حزم,Rigide,17x24cm,Pas ou peu (ou que sur le Matn),الصادق الغرياني,,,,https://www.sifatusafwa.com/fr/fiqh-maliki/idah-al-masalik-ila-qawa-id-al-imam-malik-al-wansharisi.html
75,اختصار المبسوطة في اختلاف أصحاب مالك وأقواله,ikhtisar-al-mabsoutah-fi-ikhtilaf-as-hab-malik-wa-aqwalouhou.html,أبو الوليد ابن رشد الجد,1007,دار ابن حزم,Rigide,17x24cm,En Partie,,,,,https://www.sifatusafwa.com/fr/fiqh-maliki/ikhtisar-al-mabsoutah-fi-ikhtilaf-as-hab-malik-wa-aqwalouhou.html
76,اختيارات الحافظ ابن عبد البر الفقهية في العبادات,ikhtiyarat-al-hafidh-ibn-abdil-barr-al-fiqhiya.html,أ. د. عبد العزيز بن محمد الربيش,942,دار ابن الجوزي,Rigide,17x24cm,Pas ou peu (ou que sur le Matn),,,,,https://www.sifatusafwa.com/fr/fiqh-maliki/ikhtiyarat-al-hafidh-ibn-abdil-barr-al-fiqhiya.html
77,المدخل لدراسة الفقه المالكي,introduction-a-letude-du-fiqh-maliki-ahmed-dib.html,أحمد ذيب,638,دار ابن حزم,Rigide,17x24cm,Pas ou peu (ou que sur le Matn),,,,,https://www.sifatusafwa.com/fr/fiqh-maliki/introduction-a-letude-du-fiqh-maliki-ahmed-dib.html
78,إيصال السالك إلى أصول مذهب الإمام مالك,isal-a-salik-ila-usul-madhahb-al-imam-malik-al-walati.html#,محمد يحيى بن محمد المختار الولاتي,,دار ابن حزم,,,Pas ou peu (ou que sur le Matn),,,,مراد بوضاية,https://www.sifatusafwa.com/fr/fiqh-maliki/isal-a-salik-ila-usul-madhahb-al-imam-malik-al-walati.html#/28-edition-couverture_souple
79,إيصال السالك إلى أصول مذهب الإمام مالك,isal-a-salik-ila-usul-madhahb-al-imam-malik-al-walati.html#,محمد يحيى بن محمد المختار الولاتي,,دار ابن حزم,,,Pas ou peu (ou que sur le Matn),,,,مراد بوضاية,https://www.sifatusafwa.com/fr/fiqh-maliki/isal-a-salik-ila-usul-madhahb-al-imam-malik-al-walati.html#/29-edition-couverture_rigide
80,جامع الأمهات,jami-al-oummahat-moukhtasar-ibn-al-hajib-al-far-i.html,الإمام ابن الحاجب المالكي,1024,دار ابن حزم,Rigide,17x24cm,Pas ou peu (ou que sur le Matn),2,د. علي بن عبد الرحمن بسام الجزائري,,,https://www.sifatusafwa.com/fr/fiqh-maliki/jami-al-oummahat-moukhtasar-ibn-al-hajib-al-far-i.html
81,جامع متون الفقه المالكي,jami-moutoun-al-fiqh-al-malikiya-7-matn-de-lécole-malikite.html,,768,دار التقوى,Rigide,17x24cm,En Majorité ou en Totalité,,,,,https://www.sifatusafwa.com/fr/fiqh-maliki/jami-moutoun-al-fiqh-al-malikiya-7-matn-de-lécole-malikite.html
82,جواهر الدرر في حل ألفاظ المختصر,jawahir-ad-dourar-fi-hall-alfadh-al-moukhtasar-al-tata-i-al-maliki.html,القاضي الإمام شمس الدين بن خليل التتائي المالكي,,دار ابن حزم,Rigide,17x24cm,Pas ou peu (ou que sur le Matn),8,نوري حسن حامد المسلاتي,,نوري حسن حامد المسلاتي,https://www.sifatusafwa.com/fr/fiqh-maliki/jawahir-ad-dourar-fi-hall-alfadh-al-moukhtasar-al-tata-i-al-maliki.html
83,كتاب الأجوبة,kitab-al-ajwibah-imam-muhammad-ibn-sahnoun-256h.html,الإمام محمد بن سحنون,530,دار ابن حزم,Rigide,17x24cm,Pas ou peu (ou que sur le Matn),,أ. حامد العلومي,,,https://www.sifatusafwa.com/fr/fiqh-maliki/kitab-al-ajwibah-imam-muhammad-ibn-sahnoun-256h.html
84,الصلاة عماد الدين على مذهب الإمام مالك ويليه سجود السهو,la-prière-expliquée-et-illustrée-selon-le-madhhab-malikite.html,علي بن العياشي,134,دار المالكية,Souple,14x20cm,Pas ou peu (ou que sur le Matn),,,الشيخ عبد الله التليدي الحسني,,https://www.sifatusafwa.com/fr/fiqh-maliki/la-prière-expliquée-et-illustrée-selon-le-madhhab-malikite.html
85,لوامع الدرر في هتك أستار المختصر,lawami-al-durar-fi-hatk-astar-al-mukhtasar-al-majlisi-ash-shinqiti.html,محمد المجلسي الشنقيطي,9032,إبداع - دار ابن الجوزي القاهرة,Rigide,17x24cm,Pas ou peu (ou que sur le Matn),14,,,,https://www.sifatusafwa.com/fr/fiqh-maliki/lawami-al-durar-fi-hatk-astar-al-mukhtasar-al-majlisi-ash-shinqiti.html
86,هيئة الناسك في أن القبض في الصلاة هو مذهب الإمام مالك,le-statut-du-qabd-dans-la-prière-chez-l-imam-malik-al-mekki-ibn-azouz.html,محمد المكي بن عزوز,176,دار الإمام مسلم,Rigide,17x24cm,Pas ou peu (ou que sur le Matn),,,,,https://www.sifatusafwa.com/fr/fiqh-maliki/le-statut-du-qabd-dans-la-prière-chez-l-imam-malik-al-mekki-ibn-azouz.html
87,القواعد الفقهية المستنبطة من المدونة الكبرى,les-regles-juridiques-contenues-dans-al-moudawanah-al-koubra.html,د. أحسن زقور,980,دار ابن حزم,Rigide,17x24cm,Pas ou peu (ou que sur le Matn),2,,,,https://www.sifatusafwa.com/fr/fiqh-maliki/les-regles-juridiques-contenues-dans-al-moudawanah-al-koubra.html
88,المسائل العقدية التي خالف فيها بعض فقهاء المالكية أئمة المذهب المتقدمين,les-sujets-de-aqida-dans-lesquels-ont-divergés-certains-savants-maliki.html,مريم بنت عبد الله باقازي,452,دار الفضيلة,Rigide,17x24cm,Pas ou peu (ou que sur le Matn),,,,,https://www.sifatusafwa.com/fr/fiqh-maliki/les-sujets-de-aqida-dans-lesquels-ont-divergés-certains-savants-maliki.html
89,مجموع الأمير وشرحه,majmou-al-amir-moukhtasar-al-amir-fiqh-maliki.html,محمد الأمير المالكي,1532,مكتبة المشارق,Rigide,17x24cm,En Majorité ou en Totalité,4,حمدي عبد المنعم شلبي,د. أحمد علي طه ريان,,https://www.sifatusafwa.com/fr/fiqh-maliki/majmou-al-amir-moukhtasar-al-amir-fiqh-maliki.html
90,مجموع شروح متن العشماوية,majmou-chourouh-matn-al-achmawiyyah.html,,299,إبداع - دار ابن الجوزي القاهرة,Rigide,14x20cm,Pas ou peu (ou que sur le Matn),,,,,https://www.sifatusafwa.com/fr/fiqh-maliki/majmou-chourouh-matn-al-achmawiyyah.html
91,مناهج التحصيل ونتائج لطائف التأويل في شرح المدونة وحل مشكلاتها,manahij-at-tahsil-charh-al-moudawanah-al-rajwaji-10-vol.html,العلامة علي بن سعيد الرجراجي,,دار ابن حزم,Rigide,17x24cm,Pas ou peu (ou que sur le Matn),10,أبو الفضل الدمياطي أحمد بن علي,الشيخ علي لقم,,https://www.sifatusafwa.com/fr/fiqh-maliki/manahij-at-tahsil-charh-al-moudawanah-al-rajwaji-10-vol.html
92,متن العشماوية في فقه السادة المالكية,matn-al-achmawiya-fi-fiqh-sadat-al-malikiya.html,العشماوي,42,دار ابن حزم,Souple,10x14cm,En Majorité ou en Totalité,,,,,https://www.sifatusafwa.com/fr/fiqh-maliki/matn-al-achmawiya-fi-fiqh-sadat-al-malikiya.html
93,متن ابن عاشر - المرشد المعين على الضروري من علوم الدين,matn-ibn-ashir-fil-fiqh-al-maliki-al-murshid-al-muin.html#,الإمام ابن عاشر الأندلسي الفاسي,,,Souple,,En Majorité ou en Totalité,,,,,https://www.sifatusafwa.com/fr/fiqh-maliki/matn-ibn-ashir-fil-fiqh-al-maliki-al-murshid-al-muin.html#/40-edition-petit_format
94,متن ابن عاشر - المرشد المعين على الضروري من علوم الدين,matn-ibn-ashir-fil-fiqh-al-maliki-al-murshid-al-muin.html#,الإمام ابن عاشر الأندلسي الفاسي,,,Souple,,En Majorité ou en Totalité,,,,,https://www.sifatusafwa.com/fr/fiqh-maliki/matn-ibn-ashir-fil-fiqh-al-maliki-al-murshid-al-muin.html#/41-edition-format_moyen
95,متن نظم رسالة ابن أبي زيد القيرواني في الفقه المالكي,matn-nadhm-risalah-al-qayrawani-ach-chinqiti.html,الشيخ عبد الله بن الحاج القلاوي الشنقيطي,131,دار ابن حزم,Souple,17x24cm,En Majorité ou en Totalité,,مختار بن العربي الجزائري ثم الشنقيطي,,,https://www.sifatusafwa.com/fr/fiqh-maliki/matn-nadhm-risalah-al-qayrawani-ach-chinqiti.html
96,متن رسالة القيرواني,matn-risala-al-qayrawani-ibn-abi-zayd.html#,الإمام ابن أبي زيد القيرواني,,,,,En Majorité ou en Totalité,,,,,https://www.sifatusafwa.com/fr/fiqh-maliki/matn-risala-al-qayrawani-ibn-abi-zayd.html#/150-edition-grand_format_couverture_rigide
97,متن رسالة القيرواني,matn-risala-al-qayrawani-ibn-abi-zayd.html#,الإمام ابن أبي زيد القيرواني,,,,,En Majorité ou en Totalité,,,,,https://www.sifatusafwa.com/fr/fiqh-maliki/matn-risala-al-qayrawani-ibn-abi-zayd.html#/21-edition-egyptienne
98,متن رسالة القيرواني,matn-risala-al-qayrawani-ibn-abi-zayd.html#,الإمام ابن أبي زيد القيرواني,,,,,En Majorité ou en Totalité,,,,,https://www.sifatusafwa.com/fr/fiqh-maliki/matn-risala-al-qayrawani-ibn-abi-zayd.html#/23-edition-libanaise_qualité_saoudienne
99,مواهب الجليل لشرح مختصر خليل,mawahib-al-jalil-li-charh-moukhtasar-khalil-harakat-8-vol.html,الإمام الحطاب,,دار الحديث,Rigide,17x24cm,En Majorité ou en Totalité,8,الشيخ محمد تامر و الشيخ محمد عبد العظيم,,,https://www.sifatusafwa.com/fr/fiqh-maliki/mawahib-al-jalil-li-charh-moukhtasar-khalil-harakat-8-vol.html
100,من متون الفقه المالكي,min-mutun-al-fiqh-al-maliki-3-matn-100-harakat.html,,207,دار الإمام مالك,Souple,12x17cm,En Majorité ou en Totalité,,,,,https://www.sifatusafwa.com/fr/fiqh-maliki/min-mutun-al-fiqh-al-maliki-3-matn-100-harakat.html
101,مدونة الفقه المالكي وأدلته,moudawanah-al-fiqh-al-malikiyyah-wa-adillatuh-sadiq-al-ghariani.html,الصادق بن عبد الرحمن الغرياني,4410,دار ابن حزم,Rigide,17x24cm,Pas ou peu (ou que sur le Matn),5,,,,https://www.sifatusafwa.com/fr/fiqh-maliki/moudawanah-al-fiqh-al-malikiyyah-wa-adillatuh-sadiq-al-ghariani.html
102,مختصرالإمام خليل,moukhtasar-khalil-harakat-fiqh-maliki.html#,الإمام خليل بن إسحاق,,,,,En Majorité ou en Totalité,,,,,https://www.sifatusafwa.com/fr/fiqh-maliki/moukhtasar-khalil-harakat-fiqh-maliki.html#/23-edition-libanaise_qualité_saoudienne
103,مختصرالإمام خليل,moukhtasar-khalil-harakat-fiqh-maliki.html#,الإمام خليل بن إسحاق,,,,,En Majorité ou en Totalité,,,,,https://www.sifatusafwa.com/fr/fiqh-maliki/moukhtasar-khalil-harakat-fiqh-maliki.html#/24-edition-egyptienne_avec_harakat
104,مختصرالإمام خليل,moukhtasar-khalil-harakat-fiqh-maliki.html#,الإمام خليل بن إسحاق,,,,,En Majorité ou en Totalité,,,,,https://www.sifatusafwa.com/fr/fiqh-maliki/moukhtasar-khalil-harakat-fiqh-maliki.html#/40-edition-petit_format
105,المختصر في الفتوى بمذهب مالك بن أنس المعروف بـ : مختصر خليل,moukhtasar-khalil-nouvelle-édition-révisée.html,الإمام خليل بن إسحاق الجندي,720,دار ابن حزم,Rigide,17x24cm,En Majorité ou en Totalité,,خالد بن عمار العلمي الجزائري,المرابط بن محفوظ الأنصاري الشنقيطي,,https://www.sifatusafwa.com/fr/fiqh-maliki/moukhtasar-khalil-nouvelle-édition-révisée.html
106,مرشد المبتدئين إلى معرفة معاني ألفاظ الرسالة,mourshid-al-moubtadi-in-charh-ar-risalah-al-kourrami-fiqh-maliki.html,الشيخ سعيد الكرامي السملالي الجزولي,,دار ابن حزم,Rigide,17x24cm,En Partie,4,,,,https://www.sifatusafwa.com/fr/fiqh-maliki/mourshid-al-moubtadi-in-charh-ar-risalah-al-kourrami-fiqh-maliki.html
107,منتخب الأحكام,muntakhab-al-ahkam-de-l-imam-ibn-abi-zamanin-399h-fiqh-maliki.html#,ابن أبي زمنين,,,Rigide,17x24cm,Pas ou peu (ou que sur le Matn),,,,,https://www.sifatusafwa.com/fr/fiqh-maliki/muntakhab-al-ahkam-de-l-imam-ibn-abi-zamanin-399h-fiqh-maliki.html#/30-edition-1_volume
108,منتخب الأحكام,muntakhab-al-ahkam-de-l-imam-ibn-abi-zamanin-399h-fiqh-maliki.html#,ابن أبي زمنين,,,Rigide,17x24cm,Pas ou peu (ou que sur le Matn),,,,,https://www.sifatusafwa.com/fr/fiqh-maliki/muntakhab-al-ahkam-de-l-imam-ibn-abi-zamanin-399h-fiqh-maliki.html#/31-edition-2_volumes
109,نظم متن الأخضري,nadhm-matn-al-akhdari-ibn-al-hajj-chanqiti.html,عبد الله بن أحمد القلاوي الشنقيطي,59,دار ابن حزم,Souple,12x17cm,En Majorité ou en Totalité,,,,,https://www.sifatusafwa.com/fr/fiqh-maliki/nadhm-matn-al-akhdari-ibn-al-hajj-chanqiti.html
110,سراج السالك شرح أسهل المسالك,siraj-as-salik-charh-as-hal-al-massalik-othman-al-jou-ali-al-maliki.html,عثمان بن حسنين بري الجعلي,816,دار الفضيلة القاهرة,Rigide,17x24cm,Pas ou peu (ou que sur le Matn),2,صلاح عبد التواب سعداوي,,,https://www.sifatusafwa.com/fr/fiqh-maliki/siraj-as-salik-charh-as-hal-al-massalik-othman-al-jou-ali-al-maliki.html
111,تبيين المسالك شرح تدريب السالك إلى أقرب المسالك لعبد العزيز آل مبارك,tabiyyin-al-massalik-charh-tadrib-as-salik-ila-aqrab-al-masalik-ach-chibani-ach-chanqiti.html,الشيخ محمد الشيباني الشنقيطي,2335,دار ابن حزم,Rigide,17x24cm,Pas ou peu (ou que sur le Matn),4,,,,https://www.sifatusafwa.com/fr/fiqh-maliki/tabiyyin-al-massalik-charh-tadrib-as-salik-ila-aqrab-al-masalik-ach-chibani-ach-chanqiti.html
112,تحرير المقالة في شرح الرسالة,tahrir-al-maqalah-fi-charh-ar-risalah-al-qalchani-863h.html,أحمد بن محمد القلشاني المغربي المالكي,3404,دار ابن حزم,Rigide,17x24cm,Pas ou peu (ou que sur le Matn),8,,,,https://www.sifatusafwa.com/fr/fiqh-maliki/tahrir-al-maqalah-fi-charh-ar-risalah-al-qalchani-863h.html
113,تقريب الوصول إلى علم الأصول,taqrib-al-woussoul-ila-ilm-al-oussoul-ibn-jouzay.html,ابن جزي الكلبي الغرناطي,216,إبداع - دار ابن الجوزي القاهرة,Rigide,14x20cm,Pas ou peu (ou que sur le Matn),,,,,https://www.sifatusafwa.com/fr/fiqh-maliki/taqrib-al-woussoul-ila-ilm-al-oussoul-ibn-jouzay.html
114,توضيح الدين على المرشد المعين,tawdih-ad-din-ala-mourchid-al-mou-in-cheikh-boucena.html,محمد الطيب بوسنة,256,دار ابن حزم,Rigide,17x24cm,Pas ou peu (ou que sur le Matn),,,,,https://www.sifatusafwa.com/fr/fiqh-maliki/tawdih-ad-din-ala-mourchid-al-mou-in-cheikh-boucena.html
115,عوالي الإمام مالك,awali-al-imam-malik-al-hakim-al-kabir-378h.html,الحافظ الحاكم الكبير,166,دار ابن حزم,Rigide,17x24cm,En Majorité ou en Totalité,,,,,https://www.sifatusafwa.com/fr/hadith/awali-al-imam-malik-al-hakim-al-kabir-378h.html
116,عقيدة الإمام مالك,la-aqida-de-l-imam-malik.html,د. سعود بن عبد العزيز الدعجان / الإمام القيرواني,155,الميراث النبوي,Souple,17x24cm,Pas ou peu (ou que sur le Matn),,د. سعود بن عبد العزيز الدعجان,,,https://www.sifatusafwa.com/fr/minhaj-et-sectes/la-aqida-de-l-imam-malik.html
117,منهج الإمام الشافعي في إثبات العقيدة,manhaj-al-imam-malik-fi-ithbat-al-aqida.html,سعود بن عبد العزيز الدعجان,632,دار التوحيد للنشر,Rigide,17x24cm,Pas ou peu (ou que sur le Matn),,,تحت إشراف الشيخ حماد الأنصاري والشيخ علي الحذيفي والشيخ عبد الكريم الأثري,,https://www.sifatusafwa.com/fr/minhaj-et-sectes/manhaj-al-imam-malik-fi-ithbat-al-aqida.html
118,كتاب الفروق المسمى أنوار البروق في أنواء الفروق,al-fourouq-imam-al-qarafi.html,الإمام شهاب الدين القرافي المالكي,1832,الرسالة العالمية,Rigide,17x24cm,En Partie,4,عمر حسن القيام,,"إدرار الشروق على أنواء الفروق , لابن الشاظ",https://www.sifatusafwa.com/fr/oussoul-al-fiqh/al-fourouq-imam-al-qarafi.html
119,مفتاح الوصول إلى بناء الفروع على الأصول ويليه كتاب مثارات الغلط في الأدلة,miftah-al-woussoul-ila-bina-al-fourou-ala-al-oussoul-at-talmisani.html,الإمام الشريف محمد بن أحمد التلمساني,1008,دار ابن حزم,Rigide,17x24cm,En Majorité ou en Totalité,,الشيخ محمد علي فركوس,,الشيخ محمد علي فركوس,https://www.sifatusafwa.com/fr/oussoul-al-fiqh/miftah-al-woussoul-ila-bina-al-fourou-ala-al-oussoul-at-talmisani.html
120,تنقيح الفصول في علم الأصول,tanqih-al-fusul-fi-ilm-al-usul-al-qurafi-harakat.html#,الإمام شهاب الدين القرافي المالكي,,,Rigide,17x24cm,En Majorité ou en Totalité,,,,,https://www.sifatusafwa.com/fr/oussoul-al-fiqh/tanqih-al-fusul-fi-ilm-al-usul-al-qurafi-harakat.html#/33-edition-édition_1
121,تنقيح الفصول في علم الأصول,tanqih-al-fusul-fi-ilm-al-usul-al-qurafi-harakat.html#,الإمام شهاب الدين القرافي المالكي,,,Rigide,17x24cm,En Majorité ou en Totalité,,,,,https://www.sifatusafwa.com/fr/oussoul-al-fiqh/tanqih-al-fusul-fi-ilm-al-usul-al-qurafi-harakat.html#/34-edition-édition_2
122,تقريب الوصول إلى علم الأصول,taqrib-al-wousoul-ila-ilm-al-ousoul-100-harakat.html,الإمام محمد بن أحمد بن جزي,244,دار الموقع و دار العواصم,Rigide,17x24cm,En Majorité ou en Totalité,,الشيخ محمد علي فركوس,,الشيخ محمد علي فركوس,https://www.sifatusafwa.com/fr/oussoul-al-fiqh/taqrib-al-wousoul-ila-ilm-al-ousoul-100-harakat.html
123,الكوكب الزهري نظم مختصر الأخضري,nadhm-mukhtasar-akhdari-nadhm-ajrumiyyah-nadhm-fil-faraid.html,محمد باي بلعالم,52,دار ابن حزم,Souple,17x24cm,En Majorité ou en Totalité,,,,,https://www.sifatusafwa.com/fr/poèmes-scientifiques-nadhm/nadhm-mukhtasar-akhdari-nadhm-ajrumiyyah-nadhm-fil-faraid.html
124,فتاوى الصيام وزكاة الفطر وفق المذهب المالكي,fatawa-as-siyam-wa-zakat-al-fitr-fiqh-maliki.html,أ. د. نصر سلمان و أ.د. سعاد سطحي,53,دار ابن حزم,Souple,17x24cm,Pas ou peu (ou que sur le Matn),,,,,https://www.sifatusafwa.com/fr/ramadan-siyam-et-aid/fatawa-as-siyam-wa-zakat-al-fitr-fiqh-maliki.html
125,الموطأ (رواية محمد بن حسن),al-mouwatta-bi-riwayah-mohammed-ach-chaybani.html,الإمام مالك بن أنس,816,دار القلم,Rigide,17x24cm,En Majorité ou en Totalité,,صفوان عدنان داوودي,,,https://www.sifatusafwa.com/fr/recueils-classiques-de-hadith/al-mouwatta-bi-riwayah-mohammed-ach-chaybani.html
126,صحيح و ضعيف الموطأ,al-muwatta-de-l-imam-malik-divisé-en-sahih-et-da-if.html,الإمام مالك بن أنس,1085,دار ابن حزم,Rigide,17x24cm,En Majorité ou en Totalité,2,,,,https://www.sifatusafwa.com/fr/recueils-classiques-de-hadith/al-muwatta-de-l-imam-malik-divisé-en-sahih-et-da-if.html
127,الموطأ,al-muwatta-de-l-imam-malik.html#,الإمام مالك بن أنس,,,,17x24cm,En Majorité ou en Totalité,,,,,https://www.sifatusafwa.com/fr/recueils-classiques-de-hadith/al-muwatta-de-l-imam-malik.html#/143-edition-syrienne_qualité_saoudienne
128,الموطأ,al-muwatta-de-l-imam-malik.html#,الإمام مالك بن أنس,,,,17x24cm,En Majorité ou en Totalité,,,,,https://www.sifatusafwa.com/fr/recueils-classiques-de-hadith/al-muwatta-de-l-imam-malik.html#/23-edition-libanaise_qualité_saoudienne
129,الموطأ,al-muwatta-de-l-imam-malik.html#,الإمام مالك بن أنس,,,,17x24cm,En Majorité ou en Totalité,,,,,https://www.sifatusafwa.com/fr/recueils-classiques-de-hadith/al-muwatta-de-l-imam-malik.html#/24-edition-egyptienne_avec_harakat
130,أقوال أئمة المالكية في الصوفية,paroles-d-imams-maliki-sur-la-soufiya.html,عبد الله بن عثمان بن عبد الله بن يوسف,414,مكتبة عبد الباقي,Rigide,17x24cm,Pas ou peu (ou que sur le Matn),,,,,https://www.sifatusafwa.com/fr/sectes-et-innovations/paroles-d-imams-maliki-sur-la-soufiya.html
131,الإعلام بالأئمة الأربعة الأعلام [أبو حنيفة، مالك، الشافعي، أحمد بن حنبل],biographie-des-4-imams-abu-hanifa-malik-shafii-ahmad-s-ruhayli.html,الشيخ سليمان الرحيلي,254,الميراث النبوي,Rigide,17x24cm,En Partie,,,,,https://www.sifatusafwa.com/fr/tout-le-catalogue/biographie-des-4-imams-abu-hanifa-malik-shafii-ahmad-s-ruhayli.html
